/*******************************************************************************
 * Size: 28 px
 * Bpp: 4
 * Opts: --font build/Montserrat-600.ttf --range 0x20,0x27,0x2b,0x2d,0x30-0x39,0x41-0x5a,0x61-0x7a,0xc0-0xd6,0xd8-0xf6,0xf8-0xff --size 28 --bpp 4 --format lvgl --no-compress --lv-include lvgl.h -o ..\..\Platformio\Dog-RGB\src\display\fonts\dog_name_28.c
 ******************************************************************************/

#ifdef LV_LVGL_H_INCLUDE_SIMPLE
#include "lvgl.h"
#else
#include "lvgl.h"
#endif

#ifndef DOG_NAME_28
#define DOG_NAME_28 1
#endif

#if DOG_NAME_28

/*-----------------
 *    BITMAPS
 *----------------*/

/*Store the image of the glyphs*/
static LV_ATTRIBUTE_LARGE_CONST const uint8_t glyph_bitmap[] = {
    /* U+0020 " " */

    /* U+0027 "'" */
    0x6f, 0xf9, 0x6f, 0xf8, 0x5f, 0xf8, 0x5f, 0xf7,
    0x4f, 0xf7, 0x4f, 0xf6, 0x3f, 0xf6, 0x2b, 0xb3,

    /* U+002B "+" */
    0x0, 0x0, 0x1, 0x88, 0x60, 0x0, 0x0, 0x0,
    0x0, 0x3, 0xff, 0xc0, 0x0, 0x0, 0x0, 0x0,
    0x3, 0xff, 0xc0, 0x0, 0x0, 0x0, 0x0, 0x3,
    0xff, 0xc0, 0x0, 0x0, 0x0, 0x0, 0x3, 0xff,
    0xc0, 0x0, 0x0, 0x2c, 0xcc, 0xcd, 0xff, 0xfc,
    0xcc, 0xc9, 0x3f, 0xff, 0xff, 0xff, 0xff, 0xff,
    0xfb, 0x3f, 0xff, 0xff, 0xff, 0xff, 0xff, 0xfb,
    0x0, 0x0, 0x3, 0xff, 0xc0, 0x0, 0x0, 0x0,
    0x0, 0x3, 0xff, 0xc0, 0x0, 0x0, 0x0, 0x0,
    0x3, 0xff, 0xc0, 0x0, 0x0, 0x0, 0x0, 0x3,
    0xff, 0xc0, 0x0, 0x0, 0x0, 0x0, 0x3, 0xff,
    0xc0, 0x0, 0x0,

    /* U+002D "-" */
    0x6e, 0xee, 0xee, 0xee, 0x37, 0xff, 0xff, 0xff,
    0xf3, 0x7f, 0xff, 0xff, 0xff, 0x30,

    /* U+0030 "0" */
    0x0, 0x0, 0x17, 0xcf, 0xfe, 0xc6, 0x0, 0x0,
    0x0, 0x0, 0x6f, 0xff, 0xff, 0xff, 0xfe, 0x40,
    0x0, 0x0, 0x7f, 0xff, 0xff, 0xff, 0xff, 0xff,
    0x40, 0x0, 0x3f, 0xff, 0xf9, 0x32, 0x4a, 0xff,
    0xfe, 0x10, 0xc, 0xff, 0xf5, 0x0, 0x0, 0x7,
    0xff, 0xf9, 0x2, 0xff, 0xfa, 0x0, 0x0, 0x0,
    0xd, 0xff, 0xf0, 0x7f, 0xff, 0x40, 0x0, 0x0,
    0x0, 0x7f, 0xff, 0x4a, 0xff, 0xf0, 0x0, 0x0,
    0x0, 0x3, 0xff, 0xf7, 0xbf, 0xff, 0x0, 0x0,
    0x0, 0x0, 0x1f, 0xff, 0x9c, 0xff, 0xe0, 0x0,
    0x0, 0x0, 0x1, 0xff, 0xf9, 0xbf, 0xff, 0x0,
    0x0, 0x0, 0x0, 0x1f, 0xff, 0x9a, 0xff, 0xf1,
    0x0, 0x0, 0x0, 0x3, 0xff, 0xf7, 0x7f, 0xff,
    0x40, 0x0, 0x0, 0x0, 0x7f, 0xff, 0x42, 0xff,
    0xfa, 0x0, 0x0, 0x0, 0xd, 0xff, 0xf0, 0xc,
    0xff, 0xf5, 0x0, 0x0, 0x8, 0xff, 0xf9, 0x0,
    0x3f, 0xff, 0xf9, 0x32, 0x4a, 0xff, 0xfe, 0x10,
    0x0, 0x7f, 0xff, 0xff, 0xff, 0xff, 0xff, 0x40,
    0x0, 0x0, 0x6f, 0xff, 0xff, 0xff, 0xfe, 0x40,
    0x0, 0x0, 0x0, 0x17, 0xcf, 0xfe, 0xc6, 0x0,
    0x0, 0x0,

    /* U+0031 "1" */
    0xcf, 0xff, 0xff, 0xff, 0xc, 0xff, 0xff, 0xff,
    0xf0, 0xcf, 0xff, 0xff, 0xff, 0x0, 0x0, 0xa,
    0xff, 0xf0, 0x0, 0x0, 0xaf, 0xff, 0x0, 0x0,
    0xa, 0xff, 0xf0, 0x0, 0x0, 0xaf, 0xff, 0x0,
    0x0, 0xa, 0xff, 0xf0, 0x0, 0x0, 0xaf, 0xff,
    0x0, 0x0, 0xa, 0xff, 0xf0, 0x0, 0x0, 0xaf,
    0xff, 0x0, 0x0, 0xa, 0xff, 0xf0, 0x0, 0x0,
    0xaf, 0xff, 0x0, 0x0, 0xa, 0xff, 0xf0, 0x0,
    0x0, 0xaf, 0xff, 0x0, 0x0, 0xa, 0xff, 0xf0,
    0x0, 0x0, 0xaf, 0xff, 0x0, 0x0, 0xa, 0xff,
    0xf0, 0x0, 0x0, 0xaf, 0xff, 0x0,

    /* U+0032 "2" */
    0x0, 0x3, 0x8c, 0xef, 0xfd, 0xa4, 0x0, 0x0,
    0x2, 0xbf, 0xff, 0xff, 0xff, 0xff, 0xb1, 0x0,
    0x3e, 0xff, 0xff, 0xff, 0xff, 0xff, 0xfc, 0x0,
    0x5f, 0xff, 0xc6, 0x32, 0x38, 0xff, 0xff, 0x50,
    0x2, 0xd6, 0x0, 0x0, 0x0, 0x5f, 0xff, 0x90,
    0x0, 0x0, 0x0, 0x0, 0x0, 0xf, 0xff, 0xa0,
    0x0, 0x0, 0x0, 0x0, 0x0, 0x1f, 0xff, 0x80,
    0x0, 0x0, 0x0, 0x0, 0x0, 0x6f, 0xff, 0x40,
    0x0, 0x0, 0x0, 0x0, 0x2, 0xff, 0xfc, 0x0,
    0x0, 0x0, 0x0, 0x0, 0x3e, 0xff, 0xf2, 0x0,
    0x0, 0x0, 0x0, 0x4, 0xff, 0xff, 0x30, 0x0,
    0x0, 0x0, 0x0, 0x5f, 0xff, 0xe3, 0x0, 0x0,
    0x0, 0x0, 0x7, 0xff, 0xfe, 0x20, 0x0, 0x0,
    0x0, 0x0, 0x8f, 0xff, 0xd1, 0x0, 0x0, 0x0,
    0x0, 0xa, 0xff, 0xfc, 0x10, 0x0, 0x0, 0x0,
    0x0, 0xbf, 0xff, 0xb1, 0x0, 0x0, 0x0, 0x0,
    0xd, 0xff, 0xff, 0xff, 0xff, 0xff, 0xff, 0xf6,
    0xf, 0xff, 0xff, 0xff, 0xff, 0xff, 0xff, 0xf6,
    0xf, 0xff, 0xff, 0xff, 0xff, 0xff, 0xff, 0xf6,

    /* U+0033 "3" */
    0xf, 0xff, 0xff, 0xff, 0xff, 0xff, 0xff, 0x50,
    0xf, 0xff, 0xff, 0xff, 0xff, 0xff, 0xff, 0x50,
    0xf, 0xff, 0xff, 0xff, 0xff, 0xff, 0xff, 0x30,
    0x0, 0x0, 0x0, 0x0, 0xb, 0xff, 0xf5, 0x0,
    0x0, 0x0, 0x0, 0x0, 0xaf, 0xff, 0x50, 0x0,
    0x0, 0x0, 0x0, 0xa, 0xff, 0xf6, 0x0, 0x0,
    0x0, 0x0, 0x0, 0x9f, 0xff, 0x60, 0x0, 0x0,
    0x0, 0x0, 0x6, 0xff, 0xff, 0x94, 0x0, 0x0,
    0x0, 0x0, 0x9, 0xff, 0xff, 0xff, 0xd2, 0x0,
    0x0, 0x0, 0x9, 0xff, 0xff, 0xff, 0xfe, 0x10,
    0x0, 0x0, 0x0, 0x0, 0x14, 0xcf, 0xff, 0xa0,
    0x0, 0x0, 0x0, 0x0, 0x0, 0xd, 0xff, 0xf0,
    0x0, 0x0, 0x0, 0x0, 0x0, 0x9, 0xff, 0xf1,
    0x0, 0x0, 0x0, 0x0, 0x0, 0x9, 0xff, 0xf1,
    0xa, 0x70, 0x0, 0x0, 0x0, 0x2e, 0xff, 0xe0,
    0x4f, 0xfe, 0x95, 0x22, 0x37, 0xef, 0xff, 0x80,
    0xcf, 0xff, 0xff, 0xff, 0xff, 0xff, 0xfd, 0x0,
    0x2a, 0xff, 0xff, 0xff, 0xff, 0xff, 0xb1, 0x0,
    0x0, 0x17, 0xbd, 0xff, 0xfd, 0x93, 0x0, 0x0,

    /* U+0034 "4" */
    0x0, 0x0, 0x0, 0x0, 0x0, 0xcf, 0xff, 0x20,
    0x0, 0x0, 0x0, 0x0, 0x0, 0x0, 0x8f, 0xff,
    0x50, 0x0, 0x0, 0x0, 0x0, 0x0, 0x0, 0x5f,
    0xff, 0x90, 0x0, 0x0, 0x0, 0x0, 0x0, 0x0,
    0x2f, 0xff, 0xc0, 0x0, 0x0, 0x0, 0x0, 0x0,
    0x0, 0xd, 0xff, 0xf2, 0x0, 0x0, 0x0, 0x0,
    0x0, 0x0, 0xa, 0xff, 0xf5, 0x0, 0x0, 0x0,
    0x0, 0x0, 0x0, 0x6, 0xff, 0xf8, 0x0, 0x0,
    0x0, 0x0, 0x0, 0x0, 0x3, 0xff, 0xfc, 0x0,
    0x0, 0x0, 0x0, 0x0, 0x0, 0x1, 0xef, 0xfe,
    0x10, 0x2, 0xff, 0xf3, 0x0, 0x0, 0x0, 0xbf,
    0xff, 0x40, 0x0, 0x3f, 0xff, 0x30, 0x0, 0x0,
    0x8f, 0xff, 0x80, 0x0, 0x3, 0xff, 0xf3, 0x0,
    0x0, 0x4f, 0xff, 0xc0, 0x0, 0x0, 0x3f, 0xff,
    0x40, 0x0, 0xe, 0xff, 0xff, 0xff, 0xff, 0xff,
    0xff, 0xff, 0xff, 0xb0, 0xff, 0xff, 0xff, 0xff,
    0xff, 0xff, 0xff, 0xff, 0xfb, 0xf, 0xff, 0xff,
    0xff, 0xff, 0xff, 0xff, 0xff, 0xff, 0xb0, 0x0,
    0x0, 0x0, 0x0, 0x0, 0x4f, 0xff, 0x30, 0x0,
    0x0, 0x0, 0x0, 0x0, 0x0, 0x4, 0xff, 0xf3,
    0x0, 0x0, 0x0, 0x0, 0x0, 0x0, 0x0, 0x4f,
    0xff, 0x30, 0x0, 0x0, 0x0, 0x0, 0x0, 0x0,
    0x4, 0xff, 0xf3, 0x0, 0x0,

    /* U+0035 "5" */
    0x0, 0x3f, 0xff, 0xff, 0xff, 0xff, 0xff, 0x50,
    0x0, 0x5f, 0xff, 0xff, 0xff, 0xff, 0xff, 0x50,
    0x0, 0x6f, 0xff, 0xff, 0xff, 0xff, 0xff, 0x50,
    0x0, 0x8f, 0xfd, 0x0, 0x0, 0x0, 0x0, 0x0,
    0x0, 0xaf, 0xfb, 0x0, 0x0, 0x0, 0x0, 0x0,
    0x0, 0xbf, 0xfa, 0x0, 0x0, 0x0, 0x0, 0x0,
    0x0, 0xdf, 0xf8, 0x0, 0x0, 0x0, 0x0, 0x0,
    0x0, 0xef, 0xff, 0xff, 0xfe, 0xc7, 0x10, 0x0,
    0x0, 0xff, 0xff, 0xff, 0xff, 0xff, 0xf7, 0x0,
    0x2, 0xff, 0xff, 0xff, 0xff, 0xff, 0xff, 0x60,
    0x0, 0x0, 0x0, 0x0, 0x14, 0xbf, 0xff, 0xf0,
    0x0, 0x0, 0x0, 0x0, 0x0, 0x9, 0xff, 0xf5,
    0x0, 0x0, 0x0, 0x0, 0x0, 0x3, 0xff, 0xf7,
    0x0, 0x0, 0x0, 0x0, 0x0, 0x4, 0xff, 0xf6,
    0x6, 0x91, 0x0, 0x0, 0x0, 0xb, 0xff, 0xf3,
    0xe, 0xff, 0xa6, 0x32, 0x36, 0xcf, 0xff, 0xd0,
    0x7f, 0xff, 0xff, 0xff, 0xff, 0xff, 0xff, 0x30,
    0x7, 0xef, 0xff, 0xff, 0xff, 0xff, 0xe3, 0x0,
    0x0, 0x5, 0x9d, 0xff, 0xfe, 0xb6, 0x0, 0x0,

    /* U+0036 "6" */
    0x0, 0x0, 0x2, 0x8c, 0xef, 0xfe, 0xb7, 0x10,
    0x0, 0x1, 0xaf, 0xff, 0xff, 0xff, 0xff, 0xc0,
    0x0, 0x2e, 0xff, 0xff, 0xff, 0xff, 0xff, 0x50,
    0x0, 0xdf, 0xff, 0xd6, 0x20, 0x2, 0x59, 0x0,
    0x8, 0xff, 0xfa, 0x0, 0x0, 0x0, 0x0, 0x0,
    0x1f, 0xff, 0xc0, 0x0, 0x0, 0x0, 0x0, 0x0,
    0x5f, 0xff, 0x50, 0x0, 0x0, 0x0, 0x0, 0x0,
    0x9f, 0xff, 0x3, 0x9d, 0xff, 0xea, 0x40, 0x0,
    0xbf, 0xff, 0x8f, 0xff, 0xff, 0xff, 0xfb, 0x10,
    0xcf, 0xff, 0xff, 0xfe, 0xdf, 0xff, 0xff, 0xc0,
    0xbf, 0xff, 0xfc, 0x30, 0x0, 0x3d, 0xff, 0xf6,
    0xaf, 0xff, 0xe0, 0x0, 0x0, 0x1, 0xff, 0xfb,
    0x8f, 0xff, 0x80, 0x0, 0x0, 0x0, 0xbf, 0xfd,
    0x4f, 0xff, 0x80, 0x0, 0x0, 0x0, 0xbf, 0xfd,
    0xe, 0xff, 0xd0, 0x0, 0x0, 0x1, 0xff, 0xfa,
    0x5, 0xff, 0xfc, 0x30, 0x0, 0x3d, 0xff, 0xf4,
    0x0, 0x9f, 0xff, 0xfe, 0xde, 0xff, 0xff, 0x90,
    0x0, 0x7, 0xff, 0xff, 0xff, 0xff, 0xf8, 0x0,
    0x0, 0x0, 0x28, 0xce, 0xff, 0xd8, 0x20, 0x0,

    /* U+0037 "7" */
    0x3f, 0xff, 0xff, 0xff, 0xff, 0xff, 0xff, 0xff,
    0x3, 0xff, 0xff, 0xff, 0xff, 0xff, 0xff, 0xff,
    0xf0, 0x3f, 0xff, 0xff, 0xff, 0xff, 0xff, 0xff,
    0xfe, 0x3, 0xff, 0xf3, 0x0, 0x0, 0x0, 0x6f,
    0xff, 0x80, 0x3f, 0xff, 0x20, 0x0, 0x0, 0xd,
    0xff, 0xf1, 0x3, 0xff, 0xf2, 0x0, 0x0, 0x4,
    0xff, 0xf9, 0x0, 0x4, 0x44, 0x0, 0x0, 0x0,
    0xbf, 0xff, 0x20, 0x0, 0x0, 0x0, 0x0, 0x0,
    0x3f, 0xff, 0xa0, 0x0, 0x0, 0x0, 0x0, 0x0,
    0xa, 0xff, 0xf3, 0x0, 0x0, 0x0, 0x0, 0x0,
    0x2, 0xff, 0xfc, 0x0, 0x0, 0x0, 0x0, 0x0,
    0x0, 0x9f, 0xff, 0x40, 0x0, 0x0, 0x0, 0x0,
    0x0, 0x1f, 0xff, 0xd0, 0x0, 0x0, 0x0, 0x0,
    0x0, 0x7, 0xff, 0xf6, 0x0, 0x0, 0x0, 0x0,
    0x0, 0x0, 0xef, 0xfe, 0x0, 0x0, 0x0, 0x0,
    0x0, 0x0, 0x6f, 0xff, 0x70, 0x0, 0x0, 0x0,
    0x0, 0x0, 0xd, 0xff, 0xf1, 0x0, 0x0, 0x0,
    0x0, 0x0, 0x5, 0xff, 0xf8, 0x0, 0x0, 0x0,
    0x0, 0x0, 0x0, 0xcf, 0xff, 0x10, 0x0, 0x0,
    0x0, 0x0, 0x0, 0x4f, 0xff, 0xa0, 0x0, 0x0,
    0x0, 0x0,

    /* U+0038 "8" */
    0x0, 0x1, 0x7b, 0xef, 0xfe, 0xc8, 0x20, 0x0,
    0x0, 0x5, 0xff, 0xff, 0xff, 0xff, 0xff, 0x80,
    0x0, 0x5, 0xff, 0xff, 0xfd, 0xdf, 0xff, 0xff,
    0x90, 0x0, 0xef, 0xff, 0x70, 0x0, 0x5, 0xef,
    0xff, 0x20, 0x2f, 0xff, 0x90, 0x0, 0x0, 0x4,
    0xff, 0xf6, 0x2, 0xff, 0xf7, 0x0, 0x0, 0x0,
    0x2f, 0xff, 0x60, 0xe, 0xff, 0xd0, 0x0, 0x0,
    0x9, 0xff, 0xf3, 0x0, 0x6f, 0xff, 0xe8, 0x55,
    0x7c, 0xff, 0xfa, 0x0, 0x0, 0x6f, 0xff, 0xff,
    0xff, 0xff, 0xf9, 0x0, 0x0, 0x1c, 0xff, 0xff,
    0xff, 0xff, 0xff, 0xd3, 0x0, 0x1e, 0xff, 0xfc,
    0x75, 0x46, 0xaf, 0xff, 0xf3, 0x8, 0xff, 0xf7,
    0x0, 0x0, 0x0, 0x4f, 0xff, 0xc0, 0xcf, 0xfe,
    0x0, 0x0, 0x0, 0x0, 0xaf, 0xff, 0x1d, 0xff,
    0xd0, 0x0, 0x0, 0x0, 0x9, 0xff, 0xf1, 0xbf,
    0xff, 0x20, 0x0, 0x0, 0x0, 0xdf, 0xff, 0x6,
    0xff, 0xfe, 0x50, 0x0, 0x3, 0xcf, 0xff, 0xa0,
    0xb, 0xff, 0xff, 0xfe, 0xdf, 0xff, 0xff, 0xd1,
    0x0, 0x9, 0xff, 0xff, 0xff, 0xff, 0xff, 0xb1,
    0x0, 0x0, 0x2, 0x8c, 0xef, 0xfe, 0xc9, 0x30,
    0x0, 0x0,

    /* U+0039 "9" */
    0x0, 0x0, 0x6b, 0xef, 0xfe, 0xa5, 0x0, 0x0,
    0x0, 0x4, 0xef, 0xff, 0xff, 0xff, 0xfd, 0x30,
    0x0, 0x3, 0xff, 0xff, 0xfd, 0xdf, 0xff, 0xff,
    0x30, 0x0, 0xdf, 0xff, 0x70, 0x0, 0x5, 0xef,
    0xfe, 0x0, 0x3f, 0xff, 0x70, 0x0, 0x0, 0x3,
    0xff, 0xf7, 0x5, 0xff, 0xf3, 0x0, 0x0, 0x0,
    0xe, 0xff, 0xd0, 0x3f, 0xff, 0x70, 0x0, 0x0,
    0x3, 0xff, 0xff, 0x10, 0xef, 0xff, 0x70, 0x0,
    0x5, 0xef, 0xff, 0xf3, 0x6, 0xff, 0xff, 0xfe,
    0xdf, 0xff, 0xff, 0xff, 0x40, 0x6, 0xff, 0xff,
    0xff, 0xff, 0xe9, 0xff, 0xf5, 0x0, 0x1, 0x8c,
    0xff, 0xec, 0x71, 0x6f, 0xff, 0x40, 0x0, 0x0,
    0x0, 0x0, 0x0, 0x9, 0xff, 0xf2, 0x0, 0x0,
    0x0, 0x0, 0x0, 0x0, 0xdf, 0xfe, 0x0, 0x0,
    0x0, 0x0, 0x0, 0x0, 0x6f, 0xff, 0x90, 0x0,
    0x0, 0x0, 0x0, 0x0, 0x4f, 0xff, 0xf2, 0x0,
    0x5, 0xb5, 0x10, 0x14, 0xaf, 0xff, 0xf7, 0x0,
    0x0, 0xdf, 0xff, 0xff, 0xff, 0xff, 0xf9, 0x0,
    0x0, 0x4f, 0xff, 0xff, 0xff, 0xff, 0xe6, 0x0,
    0x0, 0x0, 0x39, 0xcf, 0xff, 0xda, 0x60, 0x0,
    0x0, 0x0,

    /* U+0041 "A" */
    0x0, 0x0, 0x0, 0x0, 0x8, 0xff, 0xf8, 0x0,
    0x0, 0x0, 0x0, 0x0, 0x0, 0x0, 0x0, 0x1,
    0xff, 0xff, 0xe0, 0x0, 0x0, 0x0, 0x0, 0x0,
    0x0, 0x0, 0x0, 0x7f, 0xff, 0xff, 0x60, 0x0,
    0x0, 0x0, 0x0, 0x0, 0x0, 0x0, 0xe, 0xff,
    0xef, 0xfe, 0x0, 0x0, 0x0, 0x0, 0x0, 0x0,
    0x0, 0x6, 0xff, 0xf3, 0xff, 0xf5, 0x0, 0x0,
    0x0, 0x0, 0x0, 0x0, 0x0, 0xdf, 0xf9, 0xb,
    0xff, 0xd0, 0x0, 0x0, 0x0, 0x0, 0x0, 0x0,
    0x5f, 0xff, 0x20, 0x3f, 0xff, 0x40, 0x0, 0x0,
    0x0, 0x0, 0x0, 0xc, 0xff, 0xb0, 0x0, 0xcf,
    0xfc, 0x0, 0x0, 0x0, 0x0, 0x0, 0x4, 0xff,
    0xf4, 0x0, 0x5, 0xff, 0xf3, 0x0, 0x0, 0x0,
    0x0, 0x0, 0xbf, 0xfc, 0x0, 0x0, 0xe, 0xff,
    0xa0, 0x0, 0x0, 0x0, 0x0, 0x3f, 0xff, 0x50,
    0x0, 0x0, 0x7f, 0xff, 0x20, 0x0, 0x0, 0x0,
    0xa, 0xff, 0xe0, 0x0, 0x0, 0x1, 0xff, 0xf9,
    0x0, 0x0, 0x0, 0x2, 0xff, 0xff, 0xff, 0xff,
    0xff, 0xff, 0xff, 0xf1, 0x0, 0x0, 0x0, 0x9f,
    0xff, 0xff, 0xff, 0xff, 0xff, 0xff, 0xff, 0x80,
    0x0, 0x0, 0x1f, 0xff, 0xed, 0xdd, 0xdd, 0xdd,
    0xdd, 0xef, 0xff, 0x10, 0x0, 0x8, 0xff, 0xf2,
    0x0, 0x0, 0x0, 0x0, 0x4, 0xff, 0xf7, 0x0,
    0x0, 0xef, 0xfb, 0x0, 0x0, 0x0, 0x0, 0x0,
    0xc, 0xff, 0xe0, 0x0, 0x7f, 0xff, 0x40, 0x0,
    0x0, 0x0, 0x0, 0x0, 0x5f, 0xff, 0x60, 0xe,
    0xff, 0xd0, 0x0, 0x0, 0x0, 0x0, 0x0, 0x0,
    0xef, 0xfd, 0x0,

    /* U+0042 "B" */
    0x6f, 0xff, 0xff, 0xff, 0xff, 0xfe, 0xc7, 0x10,
    0x0, 0x6, 0xff, 0xff, 0xff, 0xff, 0xff, 0xff,
    0xff, 0x50, 0x0, 0x6f, 0xff, 0xed, 0xdd, 0xdd,
    0xef, 0xff, 0xff, 0x40, 0x6, 0xff, 0xf4, 0x0,
    0x0, 0x0, 0x19, 0xff, 0xfc, 0x0, 0x6f, 0xff,
    0x40, 0x0, 0x0, 0x0, 0xd, 0xff, 0xf0, 0x6,
    0xff, 0xf4, 0x0, 0x0, 0x0, 0x0, 0xaf, 0xff,
    0x0, 0x6f, 0xff, 0x40, 0x0, 0x0, 0x0, 0xd,
    0xff, 0xd0, 0x6, 0xff, 0xf4, 0x0, 0x0, 0x1,
    0x4c, 0xff, 0xf6, 0x0, 0x6f, 0xff, 0xff, 0xff,
    0xff, 0xff, 0xff, 0xf9, 0x0, 0x6, 0xff, 0xff,
    0xff, 0xff, 0xff, 0xff, 0xfe, 0x40, 0x0, 0x6f,
    0xff, 0xdd, 0xdd, 0xdd, 0xde, 0xff, 0xff, 0x90,
    0x6, 0xff, 0xf4, 0x0, 0x0, 0x0, 0x2, 0xaf,
    0xff, 0x60, 0x6f, 0xff, 0x40, 0x0, 0x0, 0x0,
    0x0, 0xdf, 0xfd, 0x6, 0xff, 0xf4, 0x0, 0x0,
    0x0, 0x0, 0xa, 0xff, 0xf0, 0x6f, 0xff, 0x40,
    0x0, 0x0, 0x0, 0x0, 0xdf, 0xff, 0x6, 0xff,
    0xf4, 0x0, 0x0, 0x0, 0x2, 0xaf, 0xff, 0xc0,
    0x6f, 0xff, 0xed, 0xdd, 0xdd, 0xde, 0xff, 0xff,
    0xf4, 0x6, 0xff, 0xff, 0xff, 0xff, 0xff, 0xff,
    0xff, 0xf5, 0x0, 0x6f, 0xff, 0xff, 0xff, 0xff,
    0xff, 0xeb, 0x71, 0x0, 0x0,

    /* U+0043 "C" */
    0x0, 0x0, 0x0, 0x49, 0xce, 0xff, 0xda, 0x60,
    0x0, 0x0, 0x0, 0x4, 0xdf, 0xff, 0xff, 0xff,
    0xff, 0xf7, 0x0, 0x0, 0x8, 0xff, 0xff, 0xff,
    0xff, 0xff, 0xff, 0xfb, 0x0, 0x8, 0xff, 0xff,
    0xd8, 0x43, 0x35, 0x9f, 0xff, 0xf3, 0x5, 0xff,
    0xff, 0x70, 0x0, 0x0, 0x0, 0x1b, 0xe2, 0x0,
    0xdf, 0xff, 0x50, 0x0, 0x0, 0x0, 0x0, 0x1,
    0x0, 0x4f, 0xff, 0xa0, 0x0, 0x0, 0x0, 0x0,
    0x0, 0x0, 0x8, 0xff, 0xf3, 0x0, 0x0, 0x0,
    0x0, 0x0, 0x0, 0x0, 0xbf, 0xff, 0x0, 0x0,
    0x0, 0x0, 0x0, 0x0, 0x0, 0xc, 0xff, 0xe0,
    0x0, 0x0, 0x0, 0x0, 0x0, 0x0, 0x0, 0xbf,
    0xff, 0x0, 0x0, 0x0, 0x0, 0x0, 0x0, 0x0,
    0x8, 0xff, 0xf3, 0x0, 0x0, 0x0, 0x0, 0x0,
    0x0, 0x0, 0x4f, 0xff, 0xa0, 0x0, 0x0, 0x0,
    0x0, 0x0, 0x0, 0x0, 0xdf, 0xff, 0x50, 0x0,
    0x0, 0x0, 0x0, 0x1, 0x0, 0x5, 0xff, 0xff,
    0x70, 0x0, 0x0, 0x0, 0x1b, 0xe2, 0x0, 0x8,
    0xff, 0xff, 0xd8, 0x43, 0x35, 0x9f, 0xff, 0xf3,
    0x0, 0x8, 0xff, 0xff, 0xff, 0xff, 0xff, 0xff,
    0xfb, 0x0, 0x0, 0x4, 0xdf, 0xff, 0xff, 0xff,
    0xff, 0xe6, 0x0, 0x0, 0x0, 0x0, 0x49, 0xcf,
    0xff, 0xda, 0x60, 0x0, 0x0,

    /* U+0044 "D" */
    0x6f, 0xff, 0xff, 0xff, 0xff, 0xfd, 0xa5, 0x0,
    0x0, 0x0, 0x6f, 0xff, 0xff, 0xff, 0xff, 0xff,
    0xff, 0xe6, 0x0, 0x0, 0x6f, 0xff, 0xff, 0xff,
    0xff, 0xff, 0xff, 0xff, 0xb0, 0x0, 0x6f, 0xff,
    0x40, 0x0, 0x1, 0x25, 0xbf, 0xff, 0xfc, 0x0,
    0x6f, 0xff, 0x40, 0x0, 0x0, 0x0, 0x4, 0xef,
    0xff, 0x80, 0x6f, 0xff, 0x40, 0x0, 0x0, 0x0,
    0x0, 0x2f, 0xff, 0xf1, 0x6f, 0xff, 0x40, 0x0,
    0x0, 0x0, 0x0, 0x7, 0xff, 0xf7, 0x6f, 0xff,
    0x40, 0x0, 0x0, 0x0, 0x0, 0x1, 0xff, 0xfb,
    0x6f, 0xff, 0x40, 0x0, 0x0, 0x0, 0x0, 0x0,
    0xdf, 0xfd, 0x6f, 0xff, 0x40, 0x0, 0x0, 0x0,
    0x0, 0x0, 0xcf, 0xfe, 0x6f, 0xff, 0x40, 0x0,
    0x0, 0x0, 0x0, 0x0, 0xdf, 0xfd, 0x6f, 0xff,
    0x40, 0x0, 0x0, 0x0, 0x0, 0x1, 0xff, 0xfb,
    0x6f, 0xff, 0x40, 0x0, 0x0, 0x0, 0x0, 0x7,
    0xff, 0xf7, 0x6f, 0xff, 0x40, 0x0, 0x0, 0x0,
    0x0, 0x2f, 0xff, 0xf1, 0x6f, 0xff, 0x40, 0x0,
    0x0, 0x0, 0x4, 0xef, 0xff, 0x80, 0x6f, 0xff,
    0x40, 0x0, 0x1, 0x25, 0xbf, 0xff, 0xfc, 0x0,
    0x6f, 0xff, 0xff, 0xff, 0xff, 0xff, 0xff, 0xff,
    0xb0, 0x0, 0x6f, 0xff, 0xff, 0xff, 0xff, 0xff,
    0xff, 0xe6, 0x0, 0x0, 0x6f, 0xff, 0xff, 0xff,
    0xff, 0xfd, 0xa5, 0x0, 0x0, 0x0,

    /* U+0045 "E" */
    0x6f, 0xff, 0xff, 0xff, 0xff, 0xff, 0xff, 0xf0,
    0x6f, 0xff, 0xff, 0xff, 0xff, 0xff, 0xff, 0xf0,
    0x6f, 0xff, 0xff, 0xff, 0xff, 0xff, 0xff, 0xf0,
    0x6f, 0xff, 0x40, 0x0, 0x0, 0x0, 0x0, 0x0,
    0x6f, 0xff, 0x40, 0x0, 0x0, 0x0, 0x0, 0x0,
    0x6f, 0xff, 0x40, 0x0, 0x0, 0x0, 0x0, 0x0,
    0x6f, 0xff, 0x40, 0x0, 0x0, 0x0, 0x0, 0x0,
    0x6f, 0xff, 0x40, 0x0, 0x0, 0x0, 0x0, 0x0,
    0x6f, 0xff, 0xff, 0xff, 0xff, 0xff, 0xfb, 0x0,
    0x6f, 0xff, 0xff, 0xff, 0xff, 0xff, 0xfb, 0x0,
    0x6f, 0xff, 0xff, 0xff, 0xff, 0xff, 0xfb, 0x0,
    0x6f, 0xff, 0x40, 0x0, 0x0, 0x0, 0x0, 0x0,
    0x6f, 0xff, 0x40, 0x0, 0x0, 0x0, 0x0, 0x0,
    0x6f, 0xff, 0x40, 0x0, 0x0, 0x0, 0x0, 0x0,
    0x6f, 0xff, 0x40, 0x0, 0x0, 0x0, 0x0, 0x0,
    0x6f, 0xff, 0x40, 0x0, 0x0, 0x0, 0x0, 0x0,
    0x6f, 0xff, 0xff, 0xff, 0xff, 0xff, 0xff, 0xf5,
    0x6f, 0xff, 0xff, 0xff, 0xff, 0xff, 0xff, 0xf5,
    0x6f, 0xff, 0xff, 0xff, 0xff, 0xff, 0xff, 0xf5,

    /* U+0046 "F" */
    0x6f, 0xff, 0xff, 0xff, 0xff, 0xff, 0xff, 0xf6,
    0xff, 0xff, 0xff, 0xff, 0xff, 0xff, 0xff, 0x6f,
    0xff, 0xff, 0xff, 0xff, 0xff, 0xff, 0xf6, 0xff,
    0xf4, 0x0, 0x0, 0x0, 0x0, 0x0, 0x6f, 0xff,
    0x40, 0x0, 0x0, 0x0, 0x0, 0x6, 0xff, 0xf4,
    0x0, 0x0, 0x0, 0x0, 0x0, 0x6f, 0xff, 0x40,
    0x0, 0x0, 0x0, 0x0, 0x6, 0xff, 0xf4, 0x0,
    0x0, 0x0, 0x0, 0x0, 0x6f, 0xff, 0x51, 0x11,
    0x11, 0x11, 0x10, 0x6, 0xff, 0xff, 0xff, 0xff,
    0xff, 0xff, 0xb0, 0x6f, 0xff, 0xff, 0xff, 0xff,
    0xff, 0xfb, 0x6, 0xff, 0xff, 0xff, 0xff, 0xff,
    0xff, 0xb0, 0x6f, 0xff, 0x40, 0x0, 0x0, 0x0,
    0x0, 0x6, 0xff, 0xf4, 0x0, 0x0, 0x0, 0x0,
    0x0, 0x6f, 0xff, 0x40, 0x0, 0x0, 0x0, 0x0,
    0x6, 0xff, 0xf4, 0x0, 0x0, 0x0, 0x0, 0x0,
    0x6f, 0xff, 0x40, 0x0, 0x0, 0x0, 0x0, 0x6,
    0xff, 0xf4, 0x0, 0x0, 0x0, 0x0, 0x0, 0x6f,
    0xff, 0x40, 0x0, 0x0, 0x0, 0x0, 0x0,

    /* U+0047 "G" */
    0x0, 0x0, 0x0, 0x49, 0xce, 0xff, 0xeb, 0x72,
    0x0, 0x0, 0x0, 0x4, 0xdf, 0xff, 0xff, 0xff,
    0xff, 0xf9, 0x10, 0x0, 0x8, 0xff, 0xff, 0xff,
    0xff, 0xff, 0xff, 0xfe, 0x20, 0x8, 0xff, 0xff,
    0xe8, 0x43, 0x34, 0x8e, 0xff, 0xf5, 0x5, 0xff,
    0xff, 0x70, 0x0, 0x0, 0x0, 0x8, 0xf4, 0x0,
    0xdf, 0xff, 0x50, 0x0, 0x0, 0x0, 0x0, 0x1,
    0x0, 0x4f, 0xff, 0xa0, 0x0, 0x0, 0x0, 0x0,
    0x0, 0x0, 0x8, 0xff, 0xf3, 0x0, 0x0, 0x0,
    0x0, 0x0, 0x0, 0x0, 0xbf, 0xff, 0x0, 0x0,
    0x0, 0x0, 0x0, 0x0, 0x0, 0xc, 0xff, 0xe0,
    0x0, 0x0, 0x0, 0x0, 0x0, 0xbb, 0xb5, 0xbf,
    0xff, 0x0, 0x0, 0x0, 0x0, 0x0, 0xf, 0xff,
    0x78, 0xff, 0xf3, 0x0, 0x0, 0x0, 0x0, 0x0,
    0xff, 0xf7, 0x4f, 0xff, 0xa0, 0x0, 0x0, 0x0,
    0x0, 0xf, 0xff, 0x70, 0xdf, 0xff, 0x60, 0x0,
    0x0, 0x0, 0x0, 0xff, 0xf7, 0x5, 0xff, 0xff,
    0x70, 0x0, 0x0, 0x0, 0xf, 0xff, 0x70, 0x8,
    0xff, 0xff, 0xe8, 0x43, 0x34, 0x8d, 0xff, 0xf7,
    0x0, 0x8, 0xff, 0xff, 0xff, 0xff, 0xff, 0xff,
    0xff, 0x50, 0x0, 0x4, 0xdf, 0xff, 0xff, 0xff,
    0xff, 0xfb, 0x30, 0x0, 0x0, 0x0, 0x49, 0xce,
    0xff, 0xeb, 0x72, 0x0, 0x0,

    /* U+0048 "H" */
    0x6f, 0xff, 0x40, 0x0, 0x0, 0x0, 0x0, 0x9f,
    0xff, 0x6, 0xff, 0xf4, 0x0, 0x0, 0x0, 0x0,
    0x9, 0xff, 0xf0, 0x6f, 0xff, 0x40, 0x0, 0x0,
    0x0, 0x0, 0x9f, 0xff, 0x6, 0xff, 0xf4, 0x0,
    0x0, 0x0, 0x0, 0x9, 0xff, 0xf0, 0x6f, 0xff,
    0x40, 0x0, 0x0, 0x0, 0x0, 0x9f, 0xff, 0x6,
    0xff, 0xf4, 0x0, 0x0, 0x0, 0x0, 0x9, 0xff,
    0xf0, 0x6f, 0xff, 0x40, 0x0, 0x0, 0x0, 0x0,
    0x9f, 0xff, 0x6, 0xff, 0xf5, 0x11, 0x11, 0x11,
    0x11, 0x1a, 0xff, 0xf0, 0x6f, 0xff, 0xff, 0xff,
    0xff, 0xff, 0xff, 0xff, 0xff, 0x6, 0xff, 0xff,
    0xff, 0xff, 0xff, 0xff, 0xff, 0xff, 0xf0, 0x6f,
    0xff, 0xff, 0xff, 0xff, 0xff, 0xff, 0xff, 0xff,
    0x6, 0xff, 0xf4, 0x0, 0x0, 0x0, 0x0, 0x9,
    0xff, 0xf0, 0x6f, 0xff, 0x40, 0x0, 0x0, 0x0,
    0x0, 0x9f, 0xff, 0x6, 0xff, 0xf4, 0x0, 0x0,
    0x0, 0x0, 0x9, 0xff, 0xf0, 0x6f, 0xff, 0x40,
    0x0, 0x0, 0x0, 0x0, 0x9f, 0xff, 0x6, 0xff,
    0xf4, 0x0, 0x0, 0x0, 0x0, 0x9, 0xff, 0xf0,
    0x6f, 0xff, 0x40, 0x0, 0x0, 0x0, 0x0, 0x9f,
    0xff, 0x6, 0xff, 0xf4, 0x0, 0x0, 0x0, 0x0,
    0x9, 0xff, 0xf0, 0x6f, 0xff, 0x40, 0x0, 0x0,
    0x0, 0x0, 0x9f, 0xff, 0x0,

    /* U+0049 "I" */
    0x6f, 0xff, 0x46, 0xff, 0xf4, 0x6f, 0xff, 0x46,
    0xff, 0xf4, 0x6f, 0xff, 0x46, 0xff, 0xf4, 0x6f,
    0xff, 0x46, 0xff, 0xf4, 0x6f, 0xff, 0x46, 0xff,
    0xf4, 0x6f, 0xff, 0x46, 0xff, 0xf4, 0x6f, 0xff,
    0x46, 0xff, 0xf4, 0x6f, 0xff, 0x46, 0xff, 0xf4,
    0x6f, 0xff, 0x46, 0xff, 0xf4, 0x6f, 0xff, 0x40,

    /* U+004A "J" */
    0x0, 0x5f, 0xff, 0xff, 0xff, 0xff, 0xf4, 0x0,
    0x5f, 0xff, 0xff, 0xff, 0xff, 0xf4, 0x0, 0x5f,
    0xff, 0xff, 0xff, 0xff, 0xf4, 0x0, 0x0, 0x0,
    0x0, 0x5, 0xff, 0xf4, 0x0, 0x0, 0x0, 0x0,
    0x5, 0xff, 0xf4, 0x0, 0x0, 0x0, 0x0, 0x5,
    0xff, 0xf4, 0x0, 0x0, 0x0, 0x0, 0x5, 0xff,
    0xf4, 0x0, 0x0, 0x0, 0x0, 0x5, 0xff, 0xf4,
    0x0, 0x0, 0x0, 0x0, 0x5, 0xff, 0xf4, 0x0,
    0x0, 0x0, 0x0, 0x5, 0xff, 0xf4, 0x0, 0x0,
    0x0, 0x0, 0x5, 0xff, 0xf4, 0x0, 0x0, 0x0,
    0x0, 0x5, 0xff, 0xf4, 0x0, 0x0, 0x0, 0x0,
    0x5, 0xff, 0xf4, 0x0, 0x0, 0x0, 0x0, 0x7,
    0xff, 0xf3, 0x1, 0xd5, 0x0, 0x0, 0xc, 0xff,
    0xf1, 0xb, 0xff, 0x93, 0x12, 0x9f, 0xff, 0xc0,
    0x2e, 0xff, 0xff, 0xff, 0xff, 0xff, 0x40, 0x2,
    0xdf, 0xff, 0xff, 0xff, 0xf7, 0x0, 0x0, 0x6,
    0xbe, 0xff, 0xd9, 0x20, 0x0,

    /* U+004B "K" */
    0x6f, 0xff, 0x40, 0x0, 0x0, 0x0, 0x8, 0xff,
    0xf9, 0x6, 0xff, 0xf4, 0x0, 0x0, 0x0, 0x8,
    0xff, 0xf9, 0x0, 0x6f, 0xff, 0x40, 0x0, 0x0,
    0x8, 0xff, 0xf9, 0x0, 0x6, 0xff, 0xf4, 0x0,
    0x0, 0x8, 0xff, 0xfa, 0x0, 0x0, 0x6f, 0xff,
    0x40, 0x0, 0x8, 0xff, 0xfa, 0x0, 0x0, 0x6,
    0xff, 0xf4, 0x0, 0x8, 0xff, 0xfb, 0x0, 0x0,
    0x0, 0x6f, 0xff, 0x40, 0x8, 0xff, 0xfb, 0x0,
    0x0, 0x0, 0x6, 0xff, 0xf4, 0x7, 0xff, 0xfb,
    0x0, 0x0, 0x0, 0x0, 0x6f, 0xff, 0x47, 0xff,
    0xff, 0x10, 0x0, 0x0, 0x0, 0x6, 0xff, 0xfb,
    0xff, 0xff, 0xfa, 0x0, 0x0, 0x0, 0x0, 0x6f,
    0xff, 0xff, 0xff, 0xff, 0xf7, 0x0, 0x0, 0x0,
    0x6, 0xff, 0xff, 0xfd, 0x5f, 0xff, 0xf5, 0x0,
    0x0, 0x0, 0x6f, 0xff, 0xfd, 0x10, 0x5f, 0xff,
    0xf2, 0x0, 0x0, 0x6, 0xff, 0xfd, 0x10, 0x0,
    0x7f, 0xff, 0xe1, 0x0, 0x0, 0x6f, 0xff, 0x40,
    0x0, 0x0, 0x9f, 0xff, 0xc0, 0x0, 0x6, 0xff,
    0xf4, 0x0, 0x0, 0x0, 0xbf, 0xff, 0xa0, 0x0,
    0x6f, 0xff, 0x40, 0x0, 0x0, 0x0, 0xdf, 0xff,
    0x70, 0x6, 0xff, 0xf4, 0x0, 0x0, 0x0, 0x1,
    0xef, 0xff, 0x40, 0x6f, 0xff, 0x40, 0x0, 0x0,
    0x0, 0x3, 0xff, 0xff, 0x20,

    /* U+004C "L" */
    0x6f, 0xff, 0x40, 0x0, 0x0, 0x0, 0x0, 0x6,
    0xff, 0xf4, 0x0, 0x0, 0x0, 0x0, 0x0, 0x6f,
    0xff, 0x40, 0x0, 0x0, 0x0, 0x0, 0x6, 0xff,
    0xf4, 0x0, 0x0, 0x0, 0x0, 0x0, 0x6f, 0xff,
    0x40, 0x0, 0x0, 0x0, 0x0, 0x6, 0xff, 0xf4,
    0x0, 0x0, 0x0, 0x0, 0x0, 0x6f, 0xff, 0x40,
    0x0, 0x0, 0x0, 0x0, 0x6, 0xff, 0xf4, 0x0,
    0x0, 0x0, 0x0, 0x0, 0x6f, 0xff, 0x40, 0x0,
    0x0, 0x0, 0x0, 0x6, 0xff, 0xf4, 0x0, 0x0,
    0x0, 0x0, 0x0, 0x6f, 0xff, 0x40, 0x0, 0x0,
    0x0, 0x0, 0x6, 0xff, 0xf4, 0x0, 0x0, 0x0,
    0x0, 0x0, 0x6f, 0xff, 0x40, 0x0, 0x0, 0x0,
    0x0, 0x6, 0xff, 0xf4, 0x0, 0x0, 0x0, 0x0,
    0x0, 0x6f, 0xff, 0x40, 0x0, 0x0, 0x0, 0x0,
    0x6, 0xff, 0xf4, 0x0, 0x0, 0x0, 0x0, 0x0,
    0x6f, 0xff, 0xff, 0xff, 0xff, 0xff, 0xff, 0x86,
    0xff, 0xff, 0xff, 0xff, 0xff, 0xff, 0xf8, 0x6f,
    0xff, 0xff, 0xff, 0xff, 0xff, 0xff, 0x80,

    /* U+004D "M" */
    0x6f, 0xfe, 0x0, 0x0, 0x0, 0x0, 0x0, 0x0,
    0x0, 0x4f, 0xff, 0x6, 0xff, 0xf9, 0x0, 0x0,
    0x0, 0x0, 0x0, 0x0, 0xd, 0xff, 0xf0, 0x6f,
    0xff, 0xf3, 0x0, 0x0, 0x0, 0x0, 0x0, 0x7,
    0xff, 0xff, 0x6, 0xff, 0xff, 0xc0, 0x0, 0x0,
    0x0, 0x0, 0x2, 0xff, 0xff, 0xf0, 0x6f, 0xff,
    0xff, 0x70, 0x0, 0x0, 0x0, 0x0, 0xbf, 0xff,
    0xff, 0x6, 0xff, 0xff, 0xff, 0x10, 0x0, 0x0,
    0x0, 0x5f, 0xff, 0xff, 0xf1, 0x6f, 0xff, 0xdf,
    0xfa, 0x0, 0x0, 0x0, 0xe, 0xff, 0xcf, 0xff,
    0x16, 0xff, 0xf4, 0xff, 0xf4, 0x0, 0x0, 0x8,
    0xff, 0xc6, 0xff, 0xf1, 0x6f, 0xff, 0x18, 0xff,
    0xe0, 0x0, 0x2, 0xff, 0xf3, 0x6f, 0xff, 0x16,
    0xff, 0xf1, 0xe, 0xff, 0x80, 0x0, 0xcf, 0xf9,
    0x6, 0xff, 0xf1, 0x6f, 0xff, 0x10, 0x5f, 0xff,
    0x30, 0x6f, 0xfe, 0x10, 0x6f, 0xff, 0x16, 0xff,
    0xf1, 0x0, 0xbf, 0xfc, 0x1e, 0xff, 0x50, 0x6,
    0xff, 0xf1, 0x6f, 0xff, 0x10, 0x1, 0xff, 0xfd,
    0xff, 0xc0, 0x0, 0x6f, 0xff, 0x16, 0xff, 0xf1,
    0x0, 0x7, 0xff, 0xff, 0xf2, 0x0, 0x6, 0xff,
    0xf1, 0x6f, 0xff, 0x10, 0x0, 0xd, 0xff, 0xf8,
    0x0, 0x0, 0x6f, 0xff, 0x16, 0xff, 0xf1, 0x0,
    0x0, 0x3f, 0xfe, 0x0, 0x0, 0x5, 0xff, 0xf1,
    0x6f, 0xff, 0x10, 0x0, 0x0, 0x8c, 0x50, 0x0,
    0x0, 0x5f, 0xff, 0x16, 0xff, 0xf1, 0x0, 0x0,
    0x0, 0x0, 0x0, 0x0, 0x5, 0xff, 0xf1, 0x6f,
    0xff, 0x10, 0x0, 0x0, 0x0, 0x0, 0x0, 0x0,
    0x5f, 0xff, 0x10,

    /* U+004E "N" */
    0x6f, 0xfe, 0x10, 0x0, 0x0, 0x0, 0x0, 0x9f,
    0xff, 0x6, 0xff, 0xfd, 0x0, 0x0, 0x0, 0x0,
    0x9, 0xff, 0xf0, 0x6f, 0xff, 0xfa, 0x0, 0x0,
    0x0, 0x0, 0x9f, 0xff, 0x6, 0xff, 0xff, 0xf8,
    0x0, 0x0, 0x0, 0x9, 0xff, 0xf0, 0x6f, 0xff,
    0xff, 0xf5, 0x0, 0x0, 0x0, 0x9f, 0xff, 0x6,
    0xff, 0xff, 0xff, 0xf2, 0x0, 0x0, 0x9, 0xff,
    0xf0, 0x6f, 0xff, 0x7f, 0xff, 0xe1, 0x0, 0x0,
    0x9f, 0xff, 0x6, 0xff, 0xf4, 0x5f, 0xff, 0xc0,
    0x0, 0x9, 0xff, 0xf0, 0x6f, 0xff, 0x40, 0x8f,
    0xff, 0x90, 0x0, 0x9f, 0xff, 0x6, 0xff, 0xf4,
    0x0, 0xbf, 0xff, 0x60, 0x9, 0xff, 0xf0, 0x6f,
    0xff, 0x40, 0x1, 0xdf, 0xff, 0x40, 0x9f, 0xff,
    0x6, 0xff, 0xf4, 0x0, 0x2, 0xff, 0xfe, 0x29,
    0xff, 0xf0, 0x6f, 0xff, 0x40, 0x0, 0x4, 0xff,
    0xfd, 0x9f, 0xff, 0x6, 0xff, 0xf4, 0x0, 0x0,
    0x7, 0xff, 0xff, 0xff, 0xf0, 0x6f, 0xff, 0x40,
    0x0, 0x0, 0xa, 0xff, 0xff, 0xff, 0x6, 0xff,
    0xf4, 0x0, 0x0, 0x0, 0xc, 0xff, 0xff, 0xf0,
    0x6f, 0xff, 0x40, 0x0, 0x0, 0x0, 0x1e, 0xff,
    0xff, 0x6, 0xff, 0xf4, 0x0, 0x0, 0x0, 0x0,
    0x3f, 0xff, 0xf0, 0x6f, 0xff, 0x40, 0x0, 0x0,
    0x0, 0x0, 0x5f, 0xff, 0x0,

    /* U+004F "O" */
    0x0, 0x0, 0x0, 0x39, 0xce, 0xff, 0xeb, 0x71,
    0x0, 0x0, 0x0, 0x0, 0x0, 0x4c, 0xff, 0xff,
    0xff, 0xff, 0xff, 0x91, 0x0, 0x0, 0x0, 0x8,
    0xff, 0xff, 0xff, 0xff, 0xff, 0xff, 0xfe, 0x30,
    0x0, 0x0, 0x8f, 0xff, 0xfd, 0x74, 0x23, 0x5a,
    0xff, 0xff, 0xe2, 0x0, 0x4, 0xff, 0xff, 0x70,
    0x0, 0x0, 0x0, 0x2c, 0xff, 0xfd, 0x0, 0xd,
    0xff, 0xf6, 0x0, 0x0, 0x0, 0x0, 0x0, 0xcf,
    0xff, 0x70, 0x4f, 0xff, 0xa0, 0x0, 0x0, 0x0,
    0x0, 0x0, 0x2f, 0xff, 0xd0, 0x8f, 0xff, 0x30,
    0x0, 0x0, 0x0, 0x0, 0x0, 0xa, 0xff, 0xf2,
    0xbf, 0xff, 0x0, 0x0, 0x0, 0x0, 0x0, 0x0,
    0x6, 0xff, 0xf4, 0xcf, 0xfe, 0x0, 0x0, 0x0,
    0x0, 0x0, 0x0, 0x5, 0xff, 0xf5, 0xbf, 0xff,
    0x0, 0x0, 0x0, 0x0, 0x0, 0x0, 0x6, 0xff,
    0xf4, 0x8f, 0xff, 0x30, 0x0, 0x0, 0x0, 0x0,
    0x0, 0xa, 0xff, 0xf2, 0x4f, 0xff, 0xa0, 0x0,
    0x0, 0x0, 0x0, 0x0, 0x2f, 0xff, 0xd0, 0xd,
    0xff, 0xf6, 0x0, 0x0, 0x0, 0x0, 0x0, 0xcf,
    0xff, 0x70, 0x4, 0xff, 0xff, 0x70, 0x0, 0x0,
    0x0, 0x2c, 0xff, 0xfd, 0x0, 0x0, 0x8f, 0xff,
    0xfd, 0x74, 0x23, 0x5a, 0xff, 0xff, 0xf2, 0x0,
    0x0, 0x8, 0xff, 0xff, 0xff, 0xff, 0xff, 0xff,
    0xfe, 0x30, 0x0, 0x0, 0x0, 0x4c, 0xff, 0xff,
    0xff, 0xff, 0xff, 0x91, 0x0, 0x0, 0x0, 0x0,
    0x0, 0x39, 0xce, 0xff, 0xeb, 0x71, 0x0, 0x0,
    0x0,

    /* U+0050 "P" */
    0x6f, 0xff, 0xff, 0xff, 0xff, 0xeb, 0x71, 0x0,
    0x0, 0x6f, 0xff, 0xff, 0xff, 0xff, 0xff, 0xff,
    0x70, 0x0, 0x6f, 0xff, 0xff, 0xff, 0xff, 0xff,
    0xff, 0xf9, 0x0, 0x6f, 0xff, 0x40, 0x0, 0x1,
    0x49, 0xff, 0xff, 0x40, 0x6f, 0xff, 0x40, 0x0,
    0x0, 0x0, 0x4f, 0xff, 0xb0, 0x6f, 0xff, 0x40,
    0x0, 0x0, 0x0, 0xc, 0xff, 0xf0, 0x6f, 0xff,
    0x40, 0x0, 0x0, 0x0, 0xa, 0xff, 0xf0, 0x6f,
    0xff, 0x40, 0x0, 0x0, 0x0, 0xc, 0xff, 0xf0,
    0x6f, 0xff, 0x40, 0x0, 0x0, 0x0, 0x4f, 0xff,
    0xb0, 0x6f, 0xff, 0x40, 0x0, 0x0, 0x38, 0xff,
    0xff, 0x50, 0x6f, 0xff, 0xff, 0xff, 0xff, 0xff,
    0xff, 0xf9, 0x0, 0x6f, 0xff, 0xff, 0xff, 0xff,
    0xff, 0xff, 0x80, 0x0, 0x6f, 0xff, 0xff, 0xff,
    0xff, 0xec, 0x71, 0x0, 0x0, 0x6f, 0xff, 0x40,
    0x0, 0x0, 0x0, 0x0, 0x0, 0x0, 0x6f, 0xff,
    0x40, 0x0, 0x0, 0x0, 0x0, 0x0, 0x0, 0x6f,
    0xff, 0x40, 0x0, 0x0, 0x0, 0x0, 0x0, 0x0,
    0x6f, 0xff, 0x40, 0x0, 0x0, 0x0, 0x0, 0x0,
    0x0, 0x6f, 0xff, 0x40, 0x0, 0x0, 0x0, 0x0,
    0x0, 0x0, 0x6f, 0xff, 0x40, 0x0, 0x0, 0x0,
    0x0, 0x0, 0x0,

    /* U+0051 "Q" */
    0x0, 0x0, 0x0, 0x39, 0xce, 0xff, 0xeb, 0x71,
    0x0, 0x0, 0x0, 0x0, 0x0, 0x4, 0xcf, 0xff,
    0xff, 0xff, 0xff, 0xf9, 0x10, 0x0, 0x0, 0x0,
    0x8, 0xff, 0xff, 0xff, 0xff, 0xff, 0xff, 0xfe,
    0x30, 0x0, 0x0, 0x8, 0xff, 0xff, 0xd7, 0x42,
    0x35, 0xaf, 0xff, 0xff, 0x20, 0x0, 0x4, 0xff,
    0xff, 0x70, 0x0, 0x0, 0x0, 0x2c, 0xff, 0xfd,
    0x0, 0x0, 0xdf, 0xff, 0x60, 0x0, 0x0, 0x0,
    0x0, 0xc, 0xff, 0xf7, 0x0, 0x4f, 0xff, 0xa0,
    0x0, 0x0, 0x0, 0x0, 0x0, 0x2f, 0xff, 0xd0,
    0x8, 0xff, 0xf3, 0x0, 0x0, 0x0, 0x0, 0x0,
    0x0, 0xaf, 0xff, 0x20, 0xbf, 0xff, 0x0, 0x0,
    0x0, 0x0, 0x0, 0x0, 0x6, 0xff, 0xf4, 0xc,
    0xff, 0xe0, 0x0, 0x0, 0x0, 0x0, 0x0, 0x0,
    0x5f, 0xff, 0x50, 0xbf, 0xff, 0x0, 0x0, 0x0,
    0x0, 0x0, 0x0, 0x6, 0xff, 0xf4, 0x8, 0xff,
    0xf3, 0x0, 0x0, 0x0, 0x0, 0x0, 0x0, 0xaf,
    0xff, 0x20, 0x4f, 0xff, 0xa0, 0x0, 0x0, 0x0,
    0x0, 0x0, 0x2f, 0xff, 0xd0, 0x0, 0xdf, 0xff,
    0x60, 0x0, 0x0, 0x0, 0x0, 0xc, 0xff, 0xf7,
    0x0, 0x4, 0xff, 0xff, 0x70, 0x0, 0x0, 0x0,
    0x2c, 0xff, 0xfd, 0x0, 0x0, 0x8, 0xff, 0xff,
    0xd7, 0x42, 0x35, 0xaf, 0xff, 0xff, 0x20, 0x0,
    0x0, 0x8, 0xff, 0xff, 0xff, 0xff, 0xff, 0xff,
    0xfe, 0x30, 0x0, 0x0, 0x0, 0x4, 0xcf, 0xff,
    0xff, 0xff, 0xff, 0xf9, 0x10, 0x0, 0x0, 0x0,
    0x0, 0x0, 0x39, 0xcf, 0xff, 0xff, 0x81, 0x0,
    0x0, 0x10, 0x0, 0x0, 0x0, 0x0, 0x0, 0xb,
    0xff, 0xfd, 0x30, 0x0, 0x6f, 0x50, 0x0, 0x0,
    0x0, 0x0, 0x0, 0xa, 0xff, 0xff, 0xdc, 0xef,
    0xff, 0x10, 0x0, 0x0, 0x0, 0x0, 0x0, 0x7,
    0xff, 0xff, 0xff, 0xff, 0x70, 0x0, 0x0, 0x0,
    0x0, 0x0, 0x0, 0x1, 0x8d, 0xff, 0xea, 0x30,
    0x0,

    /* U+0052 "R" */
    0x6f, 0xff, 0xff, 0xff, 0xff, 0xeb, 0x71, 0x0,
    0x0, 0x6f, 0xff, 0xff, 0xff, 0xff, 0xff, 0xff,
    0x70, 0x0, 0x6f, 0xff, 0xff, 0xff, 0xff, 0xff,
    0xff, 0xf9, 0x0, 0x6f, 0xff, 0x40, 0x0, 0x1,
    0x49, 0xff, 0xff, 0x50, 0x6f, 0xff, 0x40, 0x0,
    0x0, 0x0, 0x4f, 0xff, 0xb0, 0x6f, 0xff, 0x40,
    0x0, 0x0, 0x0, 0xc, 0xff, 0xf0, 0x6f, 0xff,
    0x40, 0x0, 0x0, 0x0, 0xa, 0xff, 0xf0, 0x6f,
    0xff, 0x40, 0x0, 0x0, 0x0, 0xc, 0xff, 0xf0,
    0x6f, 0xff, 0x40, 0x0, 0x0, 0x0, 0x4f, 0xff,
    0xc0, 0x6f, 0xff, 0x40, 0x0, 0x0, 0x28, 0xff,
    0xff, 0x50, 0x6f, 0xff, 0xff, 0xff, 0xff, 0xff,
    0xff, 0xf9, 0x0, 0x6f, 0xff, 0xff, 0xff, 0xff,
    0xff, 0xff, 0x80, 0x0, 0x6f, 0xff, 0xff, 0xff,
    0xff, 0xff, 0xf2, 0x0, 0x0, 0x6f, 0xff, 0x40,
    0x0, 0x3, 0xff, 0xfa, 0x0, 0x0, 0x6f, 0xff,
    0x40, 0x0, 0x0, 0x9f, 0xff, 0x50, 0x0, 0x6f,
    0xff, 0x40, 0x0, 0x0, 0xd, 0xff, 0xe1, 0x0,
    0x6f, 0xff, 0x40, 0x0, 0x0, 0x3, 0xff, 0xfa,
    0x0, 0x6f, 0xff, 0x40, 0x0, 0x0, 0x0, 0x9f,
    0xff, 0x50, 0x6f, 0xff, 0x40, 0x0, 0x0, 0x0,
    0xd, 0xff, 0xe1,

    /* U+0053 "S" */
    0x0, 0x0, 0x17, 0xbe, 0xff, 0xfd, 0x95, 0x0,
    0x0, 0x0, 0x7f, 0xff, 0xff, 0xff, 0xff, 0xfe,
    0x60, 0x0, 0x8f, 0xff, 0xff, 0xff, 0xff, 0xff,
    0xf7, 0x0, 0x2f, 0xff, 0xf7, 0x20, 0x1, 0x48,
    0xdf, 0x10, 0x7, 0xff, 0xf4, 0x0, 0x0, 0x0,
    0x0, 0x30, 0x0, 0x9f, 0xff, 0x0, 0x0, 0x0,
    0x0, 0x0, 0x0, 0x7, 0xff, 0xf6, 0x0, 0x0,
    0x0, 0x0, 0x0, 0x0, 0x2f, 0xff, 0xfa, 0x51,
    0x0, 0x0, 0x0, 0x0, 0x0, 0x6f, 0xff, 0xff,
    0xfd, 0x95, 0x10, 0x0, 0x0, 0x0, 0x3b, 0xff,
    0xff, 0xff, 0xff, 0xb3, 0x0, 0x0, 0x0, 0x2,
    0x6a, 0xef, 0xff, 0xff, 0xf6, 0x0, 0x0, 0x0,
    0x0, 0x0, 0x26, 0xcf, 0xff, 0xf2, 0x0, 0x0,
    0x0, 0x0, 0x0, 0x0, 0x6f, 0xff, 0x80, 0x0,
    0x0, 0x0, 0x0, 0x0, 0x0, 0xff, 0xf9, 0x0,
    0xb3, 0x0, 0x0, 0x0, 0x0, 0x3f, 0xff, 0x80,
    0x7f, 0xfc, 0x73, 0x10, 0x2, 0x6e, 0xff, 0xf3,
    0xd, 0xff, 0xff, 0xff, 0xff, 0xff, 0xff, 0xf9,
    0x0, 0x1a, 0xff, 0xff, 0xff, 0xff, 0xff, 0xf7,
    0x0, 0x0, 0x1, 0x6a, 0xdf, 0xff, 0xeb, 0x71,
    0x0, 0x0,

    /* U+0054 "T" */
    0xef, 0xff, 0xff, 0xff, 0xff, 0xff, 0xff, 0xff,
    0xce, 0xff, 0xff, 0xff, 0xff, 0xff, 0xff, 0xff,
    0xfc, 0xef, 0xff, 0xff, 0xff, 0xff, 0xff, 0xff,
    0xff, 0xc0, 0x0, 0x0, 0x6, 0xff, 0xf4, 0x0,
    0x0, 0x0, 0x0, 0x0, 0x0, 0x6f, 0xff, 0x40,
    0x0, 0x0, 0x0, 0x0, 0x0, 0x6, 0xff, 0xf4,
    0x0, 0x0, 0x0, 0x0, 0x0, 0x0, 0x6f, 0xff,
    0x40, 0x0, 0x0, 0x0, 0x0, 0x0, 0x6, 0xff,
    0xf4, 0x0, 0x0, 0x0, 0x0, 0x0, 0x0, 0x6f,
    0xff, 0x40, 0x0, 0x0, 0x0, 0x0, 0x0, 0x6,
    0xff, 0xf4, 0x0, 0x0, 0x0, 0x0, 0x0, 0x0,
    0x6f, 0xff, 0x40, 0x0, 0x0, 0x0, 0x0, 0x0,
    0x6, 0xff, 0xf4, 0x0, 0x0, 0x0, 0x0, 0x0,
    0x0, 0x6f, 0xff, 0x40, 0x0, 0x0, 0x0, 0x0,
    0x0, 0x6, 0xff, 0xf4, 0x0, 0x0, 0x0, 0x0,
    0x0, 0x0, 0x6f, 0xff, 0x40, 0x0, 0x0, 0x0,
    0x0, 0x0, 0x6, 0xff, 0xf4, 0x0, 0x0, 0x0,
    0x0, 0x0, 0x0, 0x6f, 0xff, 0x40, 0x0, 0x0,
    0x0, 0x0, 0x0, 0x6, 0xff, 0xf4, 0x0, 0x0,
    0x0, 0x0, 0x0, 0x0, 0x6f, 0xff, 0x40, 0x0,
    0x0, 0x0,

    /* U+0055 "U" */
    0x8f, 0xff, 0x10, 0x0, 0x0, 0x0, 0x0, 0xff,
    0xfa, 0x8f, 0xff, 0x10, 0x0, 0x0, 0x0, 0x0,
    0xff, 0xfa, 0x8f, 0xff, 0x10, 0x0, 0x0, 0x0,
    0x0, 0xff, 0xfa, 0x8f, 0xff, 0x10, 0x0, 0x0,
    0x0, 0x0, 0xff, 0xfa, 0x8f, 0xff, 0x10, 0x0,
    0x0, 0x0, 0x0, 0xff, 0xfa, 0x8f, 0xff, 0x10,
    0x0, 0x0, 0x0, 0x0, 0xff, 0xfa, 0x8f, 0xff,
    0x10, 0x0, 0x0, 0x0, 0x0, 0xff, 0xfa, 0x8f,
    0xff, 0x10, 0x0, 0x0, 0x0, 0x0, 0xff, 0xfa,
    0x8f, 0xff, 0x10, 0x0, 0x0, 0x0, 0x0, 0xff,
    0xfa, 0x8f, 0xff, 0x10, 0x0, 0x0, 0x0, 0x0,
    0xff, 0xfa, 0x8f, 0xff, 0x10, 0x0, 0x0, 0x0,
    0x0, 0xff, 0xf9, 0x7f, 0xff, 0x20, 0x0, 0x0,
    0x0, 0x0, 0xff, 0xf9, 0x6f, 0xff, 0x50, 0x0,
    0x0, 0x0, 0x3, 0xff, 0xf7, 0x2f, 0xff, 0xb0,
    0x0, 0x0, 0x0, 0x8, 0xff, 0xf4, 0xd, 0xff,
    0xf6, 0x0, 0x0, 0x0, 0x4f, 0xff, 0xe0, 0x4,
    0xff, 0xff, 0xb5, 0x33, 0x5a, 0xff, 0xff, 0x60,
    0x0, 0x8f, 0xff, 0xff, 0xff, 0xff, 0xff, 0xfa,
    0x0, 0x0, 0x6, 0xff, 0xff, 0xff, 0xff, 0xff,
    0x80, 0x0, 0x0, 0x0, 0x17, 0xbe, 0xff, 0xec,
    0x71, 0x0, 0x0,

    /* U+0056 "V" */
    0xe, 0xff, 0xf1, 0x0, 0x0, 0x0, 0x0, 0x0,
    0x5, 0xff, 0xf5, 0x7, 0xff, 0xf7, 0x0, 0x0,
    0x0, 0x0, 0x0, 0xc, 0xff, 0xd0, 0x1, 0xff,
    0xfe, 0x0, 0x0, 0x0, 0x0, 0x0, 0x3f, 0xff,
    0x60, 0x0, 0x8f, 0xff, 0x50, 0x0, 0x0, 0x0,
    0x0, 0xaf, 0xfe, 0x0, 0x0, 0x2f, 0xff, 0xc0,
    0x0, 0x0, 0x0, 0x2, 0xff, 0xf8, 0x0, 0x0,
    0xa, 0xff, 0xf4, 0x0, 0x0, 0x0, 0x8, 0xff,
    0xf1, 0x0, 0x0, 0x3, 0xff, 0xfb, 0x0, 0x0,
    0x0, 0x1f, 0xff, 0xa0, 0x0, 0x0, 0x0, 0xcf,
    0xff, 0x20, 0x0, 0x0, 0x7f, 0xff, 0x20, 0x0,
    0x0, 0x0, 0x4f, 0xff, 0x90, 0x0, 0x0, 0xef,
    0xfb, 0x0, 0x0, 0x0, 0x0, 0xd, 0xff, 0xf1,
    0x0, 0x5, 0xff, 0xf4, 0x0, 0x0, 0x0, 0x0,
    0x6, 0xff, 0xf7, 0x0, 0xc, 0xff, 0xd0, 0x0,
    0x0, 0x0, 0x0, 0x0, 0xef, 0xfe, 0x0, 0x4f,
    0xff, 0x60, 0x0, 0x0, 0x0, 0x0, 0x0, 0x8f,
    0xff, 0x50, 0xbf, 0xfe, 0x0, 0x0, 0x0, 0x0,
    0x0, 0x0, 0x1f, 0xff, 0xc2, 0xff, 0xf7, 0x0,
    0x0, 0x0, 0x0, 0x0, 0x0, 0x9, 0xff, 0xfd,
    0xff, 0xf1, 0x0, 0x0, 0x0, 0x0, 0x0, 0x0,
    0x2, 0xff, 0xff, 0xff, 0x90, 0x0, 0x0, 0x0,
    0x0, 0x0, 0x0, 0x0, 0xbf, 0xff, 0xff, 0x20,
    0x0, 0x0, 0x0, 0x0, 0x0, 0x0, 0x0, 0x4f,
    0xff, 0xfb, 0x0, 0x0, 0x0, 0x0, 0x0, 0x0,
    0x0, 0x0, 0xc, 0xff, 0xf3, 0x0, 0x0, 0x0,
    0x0,

    /* U+0057 "W" */
    0x1f, 0xff, 0xb0, 0x0, 0x0, 0x0, 0x0, 0xbf,
    0xff, 0x0, 0x0, 0x0, 0x0, 0x6, 0xff, 0xf1,
    0xb, 0xff, 0xf1, 0x0, 0x0, 0x0, 0x1, 0xff,
    0xff, 0x50, 0x0, 0x0, 0x0, 0xb, 0xff, 0xc0,
    0x6, 0xff, 0xf6, 0x0, 0x0, 0x0, 0x6, 0xff,
    0xff, 0xb0, 0x0, 0x0, 0x0, 0x1f, 0xff, 0x60,
    0x1, 0xff, 0xfb, 0x0, 0x0, 0x0, 0xc, 0xff,
    0xff, 0xf0, 0x0, 0x0, 0x0, 0x6f, 0xff, 0x10,
    0x0, 0xbf, 0xff, 0x10, 0x0, 0x0, 0x1f, 0xff,
    0xff, 0xf6, 0x0, 0x0, 0x0, 0xcf, 0xfb, 0x0,
    0x0, 0x5f, 0xff, 0x60, 0x0, 0x0, 0x7f, 0xfe,
    0xcf, 0xfb, 0x0, 0x0, 0x1, 0xff, 0xf6, 0x0,
    0x0, 0xf, 0xff, 0xb0, 0x0, 0x0, 0xcf, 0xf8,
    0x6f, 0xff, 0x10, 0x0, 0x7, 0xff, 0xf1, 0x0,
    0x0, 0xa, 0xff, 0xf1, 0x0, 0x2, 0xff, 0xf2,
    0x1f, 0xff, 0x60, 0x0, 0xc, 0xff, 0xb0, 0x0,
    0x0, 0x5, 0xff, 0xf6, 0x0, 0x8, 0xff, 0xd0,
    0xb, 0xff, 0xb0, 0x0, 0x2f, 0xff, 0x60, 0x0,
    0x0, 0x0, 0xff, 0xfb, 0x0, 0xd, 0xff, 0x70,
    0x5, 0xff, 0xf1, 0x0, 0x7f, 0xff, 0x0, 0x0,
    0x0, 0x0, 0xaf, 0xff, 0x10, 0x3f, 0xff, 0x20,
    0x0, 0xff, 0xf6, 0x0, 0xdf, 0xfb, 0x0, 0x0,
    0x0, 0x0, 0x5f, 0xff, 0x60, 0x8f, 0xfc, 0x0,
    0x0, 0xaf, 0xfc, 0x2, 0xff, 0xf5, 0x0, 0x0,
    0x0, 0x0, 0xf, 0xff, 0xc0, 0xef, 0xf6, 0x0,
    0x0, 0x5f, 0xff, 0x18, 0xff, 0xf0, 0x0, 0x0,
    0x0, 0x0, 0xa, 0xff, 0xf5, 0xff, 0xf1, 0x0,
    0x0, 0xf, 0xff, 0x6d, 0xff, 0xa0, 0x0, 0x0,
    0x0, 0x0, 0x4, 0xff, 0xfe, 0xff, 0xb0, 0x0,
    0x0, 0xa, 0xff, 0xef, 0xff, 0x50, 0x0, 0x0,
    0x0, 0x0, 0x0, 0xef, 0xff, 0xff, 0x50, 0x0,
    0x0, 0x4, 0xff, 0xff, 0xff, 0x0, 0x0, 0x0,
    0x0, 0x0, 0x0, 0x9f, 0xff, 0xff, 0x0, 0x0,
    0x0, 0x0, 0xef, 0xff, 0xfa, 0x0, 0x0, 0x0,
    0x0, 0x0, 0x0, 0x4f, 0xff, 0xfa, 0x0, 0x0,
    0x0, 0x0, 0x9f, 0xff, 0xf4, 0x0, 0x0, 0x0,
    0x0, 0x0, 0x0, 0xe, 0xff, 0xf5, 0x0, 0x0,
    0x0, 0x0, 0x4f, 0xff, 0xe0, 0x0, 0x0, 0x0,

    /* U+0058 "X" */
    0x1e, 0xff, 0xf2, 0x0, 0x0, 0x0, 0x0, 0xaf,
    0xff, 0x40, 0x4, 0xff, 0xfd, 0x0, 0x0, 0x0,
    0x5, 0xff, 0xf8, 0x0, 0x0, 0x8f, 0xff, 0x90,
    0x0, 0x0, 0x2f, 0xff, 0xc0, 0x0, 0x0, 0xc,
    0xff, 0xf5, 0x0, 0x0, 0xcf, 0xfe, 0x20, 0x0,
    0x0, 0x1, 0xef, 0xff, 0x20, 0x9, 0xff, 0xf5,
    0x0, 0x0, 0x0, 0x0, 0x4f, 0xff, 0xc0, 0x5f,
    0xff, 0x90, 0x0, 0x0, 0x0, 0x0, 0x8, 0xff,
    0xfa, 0xef, 0xfc, 0x0, 0x0, 0x0, 0x0, 0x0,
    0x0, 0xcf, 0xff, 0xff, 0xf2, 0x0, 0x0, 0x0,
    0x0, 0x0, 0x0, 0x2f, 0xff, 0xff, 0x50, 0x0,
    0x0, 0x0, 0x0, 0x0, 0x0, 0xb, 0xff, 0xff,
    0x20, 0x0, 0x0, 0x0, 0x0, 0x0, 0x0, 0x6f,
    0xff, 0xff, 0xc0, 0x0, 0x0, 0x0, 0x0, 0x0,
    0x2, 0xff, 0xff, 0xff, 0xf9, 0x0, 0x0, 0x0,
    0x0, 0x0, 0xd, 0xff, 0xf2, 0xcf, 0xff, 0x50,
    0x0, 0x0, 0x0, 0x0, 0xaf, 0xff, 0x60, 0x2f,
    0xff, 0xe2, 0x0, 0x0, 0x0, 0x6, 0xff, 0xfa,
    0x0, 0x5, 0xff, 0xfc, 0x0, 0x0, 0x0, 0x2f,
    0xff, 0xd0, 0x0, 0x0, 0x9f, 0xff, 0x90, 0x0,
    0x0, 0xdf, 0xff, 0x30, 0x0, 0x0, 0xd, 0xff,
    0xf5, 0x0, 0xa, 0xff, 0xf7, 0x0, 0x0, 0x0,
    0x2, 0xff, 0xfe, 0x20, 0x6f, 0xff, 0xb0, 0x0,
    0x0, 0x0, 0x0, 0x6f, 0xff, 0xc0,

    /* U+0059 "Y" */
    0xe, 0xff, 0xe0, 0x0, 0x0, 0x0, 0x0, 0x2,
    0xff, 0xf7, 0x5, 0xff, 0xf9, 0x0, 0x0, 0x0,
    0x0, 0xc, 0xff, 0xd0, 0x0, 0xbf, 0xff, 0x30,
    0x0, 0x0, 0x0, 0x6f, 0xff, 0x30, 0x0, 0x1f,
    0xff, 0xc0, 0x0, 0x0, 0x1, 0xef, 0xf9, 0x0,
    0x0, 0x7, 0xff, 0xf7, 0x0, 0x0, 0xa, 0xff,
    0xe0, 0x0, 0x0, 0x0, 0xdf, 0xff, 0x10, 0x0,
    0x4f, 0xff, 0x50, 0x0, 0x0, 0x0, 0x3f, 0xff,
    0xa0, 0x0, 0xdf, 0xfb, 0x0, 0x0, 0x0, 0x0,
    0x9, 0xff, 0xf4, 0x8, 0xff, 0xf2, 0x0, 0x0,
    0x0, 0x0, 0x0, 0xef, 0xfe, 0x3f, 0xff, 0x70,
    0x0, 0x0, 0x0, 0x0, 0x0, 0x5f, 0xff, 0xff,
    0xfd, 0x0, 0x0, 0x0, 0x0, 0x0, 0x0, 0xb,
    0xff, 0xff, 0xf3, 0x0, 0x0, 0x0, 0x0, 0x0,
    0x0, 0x1, 0xff, 0xff, 0x90, 0x0, 0x0, 0x0,
    0x0, 0x0, 0x0, 0x0, 0x9f, 0xff, 0x20, 0x0,
    0x0, 0x0, 0x0, 0x0, 0x0, 0x0, 0x8f, 0xff,
    0x10, 0x0, 0x0, 0x0, 0x0, 0x0, 0x0, 0x0,
    0x8f, 0xff, 0x10, 0x0, 0x0, 0x0, 0x0, 0x0,
    0x0, 0x0, 0x8f, 0xff, 0x10, 0x0, 0x0, 0x0,
    0x0, 0x0, 0x0, 0x0, 0x8f, 0xff, 0x10, 0x0,
    0x0, 0x0, 0x0, 0x0, 0x0, 0x0, 0x8f, 0xff,
    0x10, 0x0, 0x0, 0x0, 0x0, 0x0, 0x0, 0x0,
    0x8f, 0xff, 0x10, 0x0, 0x0, 0x0,

    /* U+005A "Z" */
    0xaf, 0xff, 0xff, 0xff, 0xff, 0xff, 0xff, 0xff,
    0x8a, 0xff, 0xff, 0xff, 0xff, 0xff, 0xff, 0xff,
    0xf8, 0xaf, 0xff, 0xff, 0xff, 0xff, 0xff, 0xff,
    0xff, 0x50, 0x0, 0x0, 0x0, 0x0, 0x1, 0xcf,
    0xff, 0x90, 0x0, 0x0, 0x0, 0x0, 0x0, 0x9f,
    0xff, 0xb0, 0x0, 0x0, 0x0, 0x0, 0x0, 0x7f,
    0xff, 0xd0, 0x0, 0x0, 0x0, 0x0, 0x0, 0x4f,
    0xff, 0xe1, 0x0, 0x0, 0x0, 0x0, 0x0, 0x3f,
    0xff, 0xf3, 0x0, 0x0, 0x0, 0x0, 0x0, 0x1e,
    0xff, 0xf5, 0x0, 0x0, 0x0, 0x0, 0x0, 0xc,
    0xff, 0xf7, 0x0, 0x0, 0x0, 0x0, 0x0, 0xa,
    0xff, 0xfa, 0x0, 0x0, 0x0, 0x0, 0x0, 0x8,
    0xff, 0xfc, 0x0, 0x0, 0x0, 0x0, 0x0, 0x6,
    0xff, 0xfd, 0x10, 0x0, 0x0, 0x0, 0x0, 0x4,
    0xff, 0xfe, 0x20, 0x0, 0x0, 0x0, 0x0, 0x2,
    0xef, 0xff, 0x40, 0x0, 0x0, 0x0, 0x0, 0x1,
    0xdf, 0xff, 0x60, 0x0, 0x0, 0x0, 0x0, 0x0,
    0xbf, 0xff, 0xff, 0xff, 0xff, 0xff, 0xff, 0xff,
    0xdd, 0xff, 0xff, 0xff, 0xff, 0xff, 0xff, 0xff,
    0xfd, 0xdf, 0xff, 0xff, 0xff, 0xff, 0xff, 0xff,
    0xff, 0xd0,

    /* U+0061 "a" */
    0x0, 0x28, 0xce, 0xff, 0xeb, 0x60, 0x0, 0x1b,
    0xff, 0xff, 0xff, 0xff, 0xfd, 0x10, 0xe, 0xff,
    0xff, 0xef, 0xff, 0xff, 0xd0, 0x5, 0xe7, 0x20,
    0x0, 0x3d, 0xff, 0xf5, 0x0, 0x0, 0x0, 0x0,
    0x1, 0xff, 0xfa, 0x0, 0x0, 0x0, 0x0, 0x0,
    0xbf, 0xfc, 0x0, 0x4a, 0xdf, 0xff, 0xff, 0xff,
    0xfd, 0x9, 0xff, 0xff, 0xff, 0xff, 0xff, 0xfd,
    0x4f, 0xff, 0xc6, 0x44, 0x44, 0xcf, 0xfd, 0xaf,
    0xfe, 0x0, 0x0, 0x0, 0xbf, 0xfd, 0xcf, 0xfb,
    0x0, 0x0, 0x0, 0xdf, 0xfd, 0xaf, 0xfe, 0x10,
    0x0, 0x8, 0xff, 0xfd, 0x4f, 0xff, 0xd7, 0x57,
    0xcf, 0xff, 0xfd, 0x7, 0xff, 0xff, 0xff, 0xff,
    0xbf, 0xfd, 0x0, 0x3a, 0xef, 0xfd, 0x91, 0x7f,
    0xfd,

    /* U+0062 "b" */
    0x8c, 0xca, 0x0, 0x0, 0x0, 0x0, 0x0, 0x0,
    0xb, 0xff, 0xc0, 0x0, 0x0, 0x0, 0x0, 0x0,
    0x0, 0xbf, 0xfc, 0x0, 0x0, 0x0, 0x0, 0x0,
    0x0, 0xb, 0xff, 0xc0, 0x0, 0x0, 0x0, 0x0,
    0x0, 0x0, 0xbf, 0xfc, 0x0, 0x0, 0x0, 0x0,
    0x0, 0x0, 0xb, 0xff, 0xc0, 0x0, 0x0, 0x0,
    0x0, 0x0, 0x0, 0xbf, 0xfc, 0x4, 0xbe, 0xff,
    0xc7, 0x10, 0x0, 0xb, 0xff, 0xda, 0xff, 0xff,
    0xff, 0xff, 0x50, 0x0, 0xbf, 0xff, 0xff, 0xff,
    0xff, 0xff, 0xff, 0x60, 0xb, 0xff, 0xff, 0xc4,
    0x0, 0x28, 0xff, 0xff, 0x20, 0xbf, 0xff, 0xb0,
    0x0, 0x0, 0x6, 0xff, 0xfa, 0xb, 0xff, 0xf2,
    0x0, 0x0, 0x0, 0xc, 0xff, 0xe0, 0xbf, 0xfd,
    0x0, 0x0, 0x0, 0x0, 0x7f, 0xff, 0x1b, 0xff,
    0xc0, 0x0, 0x0, 0x0, 0x6, 0xff, 0xf2, 0xbf,
    0xfd, 0x0, 0x0, 0x0, 0x0, 0x7f, 0xff, 0x1b,
    0xff, 0xf2, 0x0, 0x0, 0x0, 0xc, 0xff, 0xe0,
    0xbf, 0xff, 0xb0, 0x0, 0x0, 0x6, 0xff, 0xf9,
    0xb, 0xff, 0xff, 0xc4, 0x0, 0x29, 0xff, 0xff,
    0x20, 0xbf, 0xff, 0xff, 0xff, 0xff, 0xff, 0xff,
    0x60, 0xb, 0xff, 0xaa, 0xff, 0xff, 0xff, 0xff,
    0x50, 0x0, 0xbf, 0xfa, 0x5, 0xbe, 0xff, 0xc7,
    0x10, 0x0, 0x0,

    /* U+0063 "c" */
    0x0, 0x0, 0x4a, 0xdf, 0xfe, 0xb5, 0x0, 0x0,
    0x1, 0xbf, 0xff, 0xff, 0xff, 0xfc, 0x20, 0x2,
    0xef, 0xff, 0xff, 0xff, 0xff, 0xfd, 0x10, 0xcf,
    0xff, 0xb3, 0x0, 0x2a, 0xff, 0xf4, 0x5f, 0xff,
    0x90, 0x0, 0x0, 0x8, 0x91, 0xb, 0xff, 0xf0,
    0x0, 0x0, 0x0, 0x0, 0x0, 0xef, 0xfb, 0x0,
    0x0, 0x0, 0x0, 0x0, 0xe, 0xff, 0x90, 0x0,
    0x0, 0x0, 0x0, 0x0, 0xdf, 0xfb, 0x0, 0x0,
    0x0, 0x0, 0x0, 0xa, 0xff, 0xf0, 0x0, 0x0,
    0x0, 0x0, 0x0, 0x5f, 0xff, 0x90, 0x0, 0x0,
    0x8, 0x91, 0x0, 0xcf, 0xff, 0xb3, 0x0, 0x3a,
    0xff, 0xf4, 0x2, 0xef, 0xff, 0xff, 0xff, 0xff,
    0xfd, 0x0, 0x1, 0xbf, 0xff, 0xff, 0xff, 0xfc,
    0x10, 0x0, 0x0, 0x4a, 0xdf, 0xfe, 0xb5, 0x0,
    0x0,

    /* U+0064 "d" */
    0x0, 0x0, 0x0, 0x0, 0x0, 0x0, 0x7c, 0xcb,
    0x0, 0x0, 0x0, 0x0, 0x0, 0x0, 0x9f, 0xfe,
    0x0, 0x0, 0x0, 0x0, 0x0, 0x0, 0x9f, 0xfe,
    0x0, 0x0, 0x0, 0x0, 0x0, 0x0, 0x9f, 0xfe,
    0x0, 0x0, 0x0, 0x0, 0x0, 0x0, 0x9f, 0xfe,
    0x0, 0x0, 0x0, 0x0, 0x0, 0x0, 0x9f, 0xfe,
    0x0, 0x0, 0x6b, 0xef, 0xfc, 0x60, 0x9f, 0xfe,
    0x0, 0x3d, 0xff, 0xff, 0xff, 0xfd, 0xaf, 0xfe,
    0x3, 0xff, 0xff, 0xff, 0xff, 0xff, 0xff, 0xfe,
    0xe, 0xff, 0xfb, 0x30, 0x2, 0xaf, 0xff, 0xfe,
    0x6f, 0xff, 0x90, 0x0, 0x0, 0x8, 0xff, 0xfe,
    0xbf, 0xff, 0x0, 0x0, 0x0, 0x0, 0xef, 0xfe,
    0xef, 0xfb, 0x0, 0x0, 0x0, 0x0, 0x9f, 0xfe,
    0xef, 0xf9, 0x0, 0x0, 0x0, 0x0, 0x8f, 0xfe,
    0xef, 0xfb, 0x0, 0x0, 0x0, 0x0, 0x9f, 0xfe,
    0xbf, 0xff, 0x10, 0x0, 0x0, 0x0, 0xef, 0xfe,
    0x6f, 0xff, 0xa0, 0x0, 0x0, 0x8, 0xff, 0xfe,
    0xd, 0xff, 0xfb, 0x30, 0x3, 0xaf, 0xff, 0xfe,
    0x3, 0xff, 0xff, 0xff, 0xff, 0xff, 0xff, 0xfe,
    0x0, 0x3d, 0xff, 0xff, 0xff, 0xfd, 0x8f, 0xfe,
    0x0, 0x0, 0x6b, 0xef, 0xfc, 0x60, 0x6f, 0xfe,

    /* U+0065 "e" */
    0x0, 0x0, 0x5b, 0xef, 0xfd, 0x92, 0x0, 0x0,
    0x0, 0x2d, 0xff, 0xff, 0xff, 0xff, 0x90, 0x0,
    0x2, 0xff, 0xff, 0xfc, 0xdf, 0xff, 0xfa, 0x0,
    0xd, 0xff, 0xf6, 0x0, 0x1, 0x9f, 0xff, 0x50,
    0x5f, 0xff, 0x40, 0x0, 0x0, 0x9, 0xff, 0xd0,
    0xbf, 0xfc, 0x0, 0x0, 0x0, 0x1, 0xff, 0xf2,
    0xdf, 0xff, 0xff, 0xff, 0xff, 0xff, 0xff, 0xf4,
    0xef, 0xff, 0xff, 0xff, 0xff, 0xff, 0xff, 0xf5,
    0xdf, 0xfb, 0x55, 0x55, 0x55, 0x55, 0x55, 0x51,
    0xaf, 0xfd, 0x0, 0x0, 0x0, 0x0, 0x0, 0x0,
    0x5f, 0xff, 0x80, 0x0, 0x0, 0x0, 0x50, 0x0,
    0xc, 0xff, 0xfb, 0x30, 0x0, 0x4c, 0xf6, 0x0,
    0x2, 0xef, 0xff, 0xff, 0xff, 0xff, 0xff, 0x20,
    0x0, 0x1b, 0xff, 0xff, 0xff, 0xff, 0xf6, 0x0,
    0x0, 0x0, 0x49, 0xdf, 0xfe, 0xc7, 0x10, 0x0,

    /* U+0066 "f" */
    0x0, 0x0, 0x4, 0x9c, 0xca, 0x60, 0x0, 0x0,
    0xaf, 0xff, 0xff, 0xf1, 0x0, 0x8, 0xff, 0xff,
    0xff, 0xb0, 0x0, 0xf, 0xff, 0xc2, 0x3, 0x30,
    0x0, 0x2f, 0xff, 0x40, 0x0, 0x0, 0x0, 0x3f,
    0xff, 0x20, 0x0, 0x0, 0xbf, 0xff, 0xff, 0xff,
    0xff, 0x40, 0xbf, 0xff, 0xff, 0xff, 0xff, 0x40,
    0x8c, 0xdf, 0xff, 0xdc, 0xcc, 0x30, 0x0, 0x3f,
    0xff, 0x40, 0x0, 0x0, 0x0, 0x3f, 0xff, 0x40,
    0x0, 0x0, 0x0, 0x3f, 0xff, 0x40, 0x0, 0x0,
    0x0, 0x3f, 0xff, 0x40, 0x0, 0x0, 0x0, 0x3f,
    0xff, 0x40, 0x0, 0x0, 0x0, 0x3f, 0xff, 0x40,
    0x0, 0x0, 0x0, 0x3f, 0xff, 0x40, 0x0, 0x0,
    0x0, 0x3f, 0xff, 0x40, 0x0, 0x0, 0x0, 0x3f,
    0xff, 0x40, 0x0, 0x0, 0x0, 0x3f, 0xff, 0x40,
    0x0, 0x0, 0x0, 0x3f, 0xff, 0x40, 0x0, 0x0,
    0x0, 0x3f, 0xff, 0x40, 0x0, 0x0,

    /* U+0067 "g" */
    0x0, 0x0, 0x7b, 0xef, 0xfc, 0x71, 0x3f, 0xff,
    0x20, 0x4, 0xef, 0xff, 0xff, 0xff, 0xe7, 0xff,
    0xf2, 0x5, 0xff, 0xff, 0xfd, 0xce, 0xff, 0xff,
    0xff, 0x21, 0xff, 0xff, 0x70, 0x0, 0x4, 0xdf,
    0xff, 0xf2, 0x8f, 0xff, 0x50, 0x0, 0x0, 0x1,
    0xef, 0xff, 0x2c, 0xff, 0xd0, 0x0, 0x0, 0x0,
    0x8, 0xff, 0xf2, 0xef, 0xf9, 0x0, 0x0, 0x0,
    0x0, 0x5f, 0xff, 0x2e, 0xff, 0xa0, 0x0, 0x0,
    0x0, 0x5, 0xff, 0xf2, 0xcf, 0xfe, 0x0, 0x0,
    0x0, 0x0, 0xaf, 0xff, 0x27, 0xff, 0xf8, 0x0,
    0x0, 0x0, 0x4f, 0xff, 0xf2, 0x1e, 0xff, 0xfb,
    0x40, 0x2, 0x8f, 0xff, 0xff, 0x20, 0x4f, 0xff,
    0xff, 0xff, 0xff, 0xff, 0xff, 0xf2, 0x0, 0x3d,
    0xff, 0xff, 0xff, 0xfe, 0x9f, 0xff, 0x20, 0x0,
    0x5, 0xad, 0xee, 0xb6, 0x6, 0xff, 0xf1, 0x0,
    0x0, 0x0, 0x0, 0x0, 0x0, 0xaf, 0xff, 0x0,
    0x6, 0x0, 0x0, 0x0, 0x0, 0x2f, 0xff, 0xb0,
    0x5, 0xfe, 0x83, 0x0, 0x1, 0x6e, 0xff, 0xf4,
    0x0, 0xef, 0xff, 0xff, 0xff, 0xff, 0xff, 0xfa,
    0x0, 0x6, 0xef, 0xff, 0xff, 0xff, 0xff, 0xf9,
    0x0, 0x0, 0x0, 0x49, 0xce, 0xff, 0xec, 0x82,
    0x0, 0x0,

    /* U+0068 "h" */
    0x69, 0x97, 0x0, 0x0, 0x0, 0x0, 0x0, 0x0,
    0xbf, 0xfc, 0x0, 0x0, 0x0, 0x0, 0x0, 0x0,
    0xbf, 0xfc, 0x0, 0x0, 0x0, 0x0, 0x0, 0x0,
    0xbf, 0xfc, 0x0, 0x0, 0x0, 0x0, 0x0, 0x0,
    0xbf, 0xfc, 0x0, 0x0, 0x0, 0x0, 0x0, 0x0,
    0xbf, 0xfc, 0x0, 0x0, 0x0, 0x0, 0x0, 0x0,
    0xbf, 0xfc, 0x4, 0xbe, 0xff, 0xc8, 0x10, 0x0,
    0xbf, 0xfd, 0xbf, 0xff, 0xff, 0xff, 0xe3, 0x0,
    0xbf, 0xff, 0xff, 0xff, 0xff, 0xff, 0xfe, 0x10,
    0xbf, 0xff, 0xfb, 0x41, 0x15, 0xdf, 0xff, 0x80,
    0xbf, 0xff, 0xa0, 0x0, 0x0, 0x1f, 0xff, 0xd0,
    0xbf, 0xff, 0x10, 0x0, 0x0, 0xa, 0xff, 0xf0,
    0xbf, 0xfe, 0x0, 0x0, 0x0, 0x7, 0xff, 0xf0,
    0xbf, 0xfc, 0x0, 0x0, 0x0, 0x7, 0xff, 0xf0,
    0xbf, 0xfc, 0x0, 0x0, 0x0, 0x7, 0xff, 0xf0,
    0xbf, 0xfc, 0x0, 0x0, 0x0, 0x7, 0xff, 0xf0,
    0xbf, 0xfc, 0x0, 0x0, 0x0, 0x7, 0xff, 0xf0,
    0xbf, 0xfc, 0x0, 0x0, 0x0, 0x7, 0xff, 0xf0,
    0xbf, 0xfc, 0x0, 0x0, 0x0, 0x7, 0xff, 0xf0,
    0xbf, 0xfc, 0x0, 0x0, 0x0, 0x7, 0xff, 0xf0,
    0xbf, 0xfc, 0x0, 0x0, 0x0, 0x7, 0xff, 0xf0,

    /* U+0069 "i" */
    0x0, 0x11, 0x0, 0x9, 0xff, 0xb0, 0x1f, 0xff,
    0xf3, 0x1f, 0xff, 0xf2, 0x6, 0xef, 0x70, 0x0,
    0x0, 0x0, 0x0, 0x0, 0x0, 0xb, 0xff, 0xc0,
    0xb, 0xff, 0xc0, 0xb, 0xff, 0xc0, 0xb, 0xff,
    0xc0, 0xb, 0xff, 0xc0, 0xb, 0xff, 0xc0, 0xb,
    0xff, 0xc0, 0xb, 0xff, 0xc0, 0xb, 0xff, 0xc0,
    0xb, 0xff, 0xc0, 0xb, 0xff, 0xc0, 0xb, 0xff,
    0xc0, 0xb, 0xff, 0xc0, 0xb, 0xff, 0xc0, 0xb,
    0xff, 0xc0,

    /* U+006A "j" */
    0x0, 0x0, 0x4, 0xef, 0x90, 0x0, 0x0, 0xe,
    0xff, 0xf5, 0x0, 0x0, 0xf, 0xff, 0xf5, 0x0,
    0x0, 0x6, 0xff, 0xc0, 0x0, 0x0, 0x0, 0x12,
    0x0, 0x0, 0x0, 0x0, 0x0, 0x0, 0x0, 0x0,
    0x0, 0x0, 0x0, 0x0, 0x0, 0x8, 0xff, 0xf0,
    0x0, 0x0, 0x8, 0xff, 0xf0, 0x0, 0x0, 0x8,
    0xff, 0xf0, 0x0, 0x0, 0x8, 0xff, 0xf0, 0x0,
    0x0, 0x8, 0xff, 0xf0, 0x0, 0x0, 0x8, 0xff,
    0xf0, 0x0, 0x0, 0x8, 0xff, 0xf0, 0x0, 0x0,
    0x8, 0xff, 0xf0, 0x0, 0x0, 0x8, 0xff, 0xf0,
    0x0, 0x0, 0x8, 0xff, 0xf0, 0x0, 0x0, 0x8,
    0xff, 0xf0, 0x0, 0x0, 0x8, 0xff, 0xf0, 0x0,
    0x0, 0x8, 0xff, 0xf0, 0x0, 0x0, 0x8, 0xff,
    0xf0, 0x0, 0x0, 0x8, 0xff, 0xf0, 0x0, 0x0,
    0x9, 0xff, 0xe0, 0x3, 0x0, 0x2e, 0xff, 0xc0,
    0xe, 0xfe, 0xff, 0xff, 0x60, 0x5f, 0xff, 0xff,
    0xfa, 0x0, 0x3a, 0xef, 0xfc, 0x60, 0x0,

    /* U+006B "k" */
    0x69, 0x97, 0x0, 0x0, 0x0, 0x0, 0x0, 0x0,
    0xbf, 0xfc, 0x0, 0x0, 0x0, 0x0, 0x0, 0x0,
    0xbf, 0xfc, 0x0, 0x0, 0x0, 0x0, 0x0, 0x0,
    0xbf, 0xfc, 0x0, 0x0, 0x0, 0x0, 0x0, 0x0,
    0xbf, 0xfc, 0x0, 0x0, 0x0, 0x0, 0x0, 0x0,
    0xbf, 0xfc, 0x0, 0x0, 0x0, 0x0, 0x0, 0x0,
    0xbf, 0xfc, 0x0, 0x0, 0x0, 0x7f, 0xff, 0xb0,
    0xbf, 0xfc, 0x0, 0x0, 0x9, 0xff, 0xfb, 0x0,
    0xbf, 0xfc, 0x0, 0x0, 0xaf, 0xff, 0xb0, 0x0,
    0xbf, 0xfc, 0x0, 0xb, 0xff, 0xfb, 0x0, 0x0,
    0xbf, 0xfc, 0x0, 0xbf, 0xff, 0xb0, 0x0, 0x0,
    0xbf, 0xfc, 0x1c, 0xff, 0xfb, 0x0, 0x0, 0x0,
    0xbf, 0xfd, 0xdf, 0xff, 0xf3, 0x0, 0x0, 0x0,
    0xbf, 0xff, 0xff, 0xff, 0xfe, 0x10, 0x0, 0x0,
    0xbf, 0xff, 0xff, 0xdf, 0xff, 0xb0, 0x0, 0x0,
    0xbf, 0xff, 0xf6, 0xd, 0xff, 0xf8, 0x0, 0x0,
    0xbf, 0xff, 0x60, 0x2, 0xef, 0xff, 0x50, 0x0,
    0xbf, 0xfc, 0x0, 0x0, 0x4f, 0xff, 0xf2, 0x0,
    0xbf, 0xfc, 0x0, 0x0, 0x7, 0xff, 0xfd, 0x0,
    0xbf, 0xfc, 0x0, 0x0, 0x0, 0xaf, 0xff, 0xa0,
    0xbf, 0xfc, 0x0, 0x0, 0x0, 0xc, 0xff, 0xf7,

    /* U+006C "l" */
    0x69, 0x97, 0xbf, 0xfc, 0xbf, 0xfc, 0xbf, 0xfc,
    0xbf, 0xfc, 0xbf, 0xfc, 0xbf, 0xfc, 0xbf, 0xfc,
    0xbf, 0xfc, 0xbf, 0xfc, 0xbf, 0xfc, 0xbf, 0xfc,
    0xbf, 0xfc, 0xbf, 0xfc, 0xbf, 0xfc, 0xbf, 0xfc,
    0xbf, 0xfc, 0xbf, 0xfc, 0xbf, 0xfc, 0xbf, 0xfc,
    0xbf, 0xfc,

    /* U+006D "m" */
    0xbf, 0xfa, 0x6, 0xbe, 0xfe, 0xb5, 0x0, 0x2,
    0x9d, 0xff, 0xea, 0x30, 0x0, 0xbf, 0xfb, 0xdf,
    0xff, 0xff, 0xff, 0xc0, 0x8f, 0xff, 0xff, 0xff,
    0xf7, 0x0, 0xbf, 0xff, 0xff, 0xfe, 0xff, 0xff,
    0xfe, 0xff, 0xff, 0xef, 0xff, 0xff, 0x40, 0xbf,
    0xff, 0xf7, 0x0, 0x5, 0xff, 0xff, 0xfe, 0x50,
    0x0, 0x8f, 0xff, 0xc0, 0xbf, 0xff, 0x80, 0x0,
    0x0, 0x6f, 0xff, 0xf4, 0x0, 0x0, 0xa, 0xff,
    0xf1, 0xbf, 0xff, 0x10, 0x0, 0x0, 0x1f, 0xff,
    0xc0, 0x0, 0x0, 0x5, 0xff, 0xf3, 0xbf, 0xfd,
    0x0, 0x0, 0x0, 0xf, 0xff, 0x90, 0x0, 0x0,
    0x3, 0xff, 0xf4, 0xbf, 0xfc, 0x0, 0x0, 0x0,
    0xf, 0xff, 0x80, 0x0, 0x0, 0x3, 0xff, 0xf4,
    0xbf, 0xfc, 0x0, 0x0, 0x0, 0xf, 0xff, 0x80,
    0x0, 0x0, 0x3, 0xff, 0xf4, 0xbf, 0xfc, 0x0,
    0x0, 0x0, 0xf, 0xff, 0x80, 0x0, 0x0, 0x3,
    0xff, 0xf4, 0xbf, 0xfc, 0x0, 0x0, 0x0, 0xf,
    0xff, 0x80, 0x0, 0x0, 0x3, 0xff, 0xf4, 0xbf,
    0xfc, 0x0, 0x0, 0x0, 0xf, 0xff, 0x80, 0x0,
    0x0, 0x3, 0xff, 0xf4, 0xbf, 0xfc, 0x0, 0x0,
    0x0, 0xf, 0xff, 0x80, 0x0, 0x0, 0x3, 0xff,
    0xf4, 0xbf, 0xfc, 0x0, 0x0, 0x0, 0xf, 0xff,
    0x80, 0x0, 0x0, 0x3, 0xff, 0xf4, 0xbf, 0xfc,
    0x0, 0x0, 0x0, 0xf, 0xff, 0x80, 0x0, 0x0,
    0x3, 0xff, 0xf4,

    /* U+006E "n" */
    0xbf, 0xfa, 0x5, 0xbe, 0xff, 0xc8, 0x10, 0x0,
    0xbf, 0xfb, 0xcf, 0xff, 0xff, 0xff, 0xe3, 0x0,
    0xbf, 0xff, 0xff, 0xfe, 0xef, 0xff, 0xfe, 0x10,
    0xbf, 0xff, 0xf8, 0x10, 0x2, 0xcf, 0xff, 0x80,
    0xbf, 0xff, 0x80, 0x0, 0x0, 0xe, 0xff, 0xd0,
    0xbf, 0xff, 0x10, 0x0, 0x0, 0x9, 0xff, 0xf0,
    0xbf, 0xfd, 0x0, 0x0, 0x0, 0x7, 0xff, 0xf0,
    0xbf, 0xfc, 0x0, 0x0, 0x0, 0x7, 0xff, 0xf0,
    0xbf, 0xfc, 0x0, 0x0, 0x0, 0x7, 0xff, 0xf0,
    0xbf, 0xfc, 0x0, 0x0, 0x0, 0x7, 0xff, 0xf0,
    0xbf, 0xfc, 0x0, 0x0, 0x0, 0x7, 0xff, 0xf0,
    0xbf, 0xfc, 0x0, 0x0, 0x0, 0x7, 0xff, 0xf0,
    0xbf, 0xfc, 0x0, 0x0, 0x0, 0x7, 0xff, 0xf0,
    0xbf, 0xfc, 0x0, 0x0, 0x0, 0x7, 0xff, 0xf0,
    0xbf, 0xfc, 0x0, 0x0, 0x0, 0x7, 0xff, 0xf0,

    /* U+006F "o" */
    0x0, 0x0, 0x4a, 0xdf, 0xfe, 0xa5, 0x0, 0x0,
    0x0, 0x1c, 0xff, 0xff, 0xff, 0xff, 0xd2, 0x0,
    0x2, 0xef, 0xff, 0xff, 0xff, 0xff, 0xff, 0x20,
    0xc, 0xff, 0xfa, 0x30, 0x2, 0xaf, 0xff, 0xd0,
    0x5f, 0xff, 0x90, 0x0, 0x0, 0x8, 0xff, 0xf6,
    0xbf, 0xff, 0x0, 0x0, 0x0, 0x0, 0xef, 0xfc,
    0xef, 0xfb, 0x0, 0x0, 0x0, 0x0, 0x9f, 0xff,
    0xef, 0xf9, 0x0, 0x0, 0x0, 0x0, 0x8f, 0xff,
    0xdf, 0xfb, 0x0, 0x0, 0x0, 0x0, 0xaf, 0xfe,
    0xaf, 0xff, 0x0, 0x0, 0x0, 0x0, 0xef, 0xfb,
    0x5f, 0xff, 0x90, 0x0, 0x0, 0x8, 0xff, 0xf6,
    0xc, 0xff, 0xfb, 0x30, 0x3, 0xaf, 0xff, 0xd0,
    0x2, 0xef, 0xff, 0xff, 0xff, 0xff, 0xfe, 0x20,
    0x0, 0x1c, 0xff, 0xff, 0xff, 0xff, 0xc2, 0x0,
    0x0, 0x0, 0x4a, 0xdf, 0xfe, 0xa5, 0x0, 0x0,

    /* U+0070 "p" */
    0xbf, 0xfa, 0x5, 0xbe, 0xff, 0xc7, 0x10, 0x0,
    0xb, 0xff, 0xab, 0xff, 0xff, 0xff, 0xff, 0x50,
    0x0, 0xbf, 0xff, 0xff, 0xff, 0xff, 0xff, 0xff,
    0x60, 0xb, 0xff, 0xff, 0xc4, 0x0, 0x28, 0xff,
    0xff, 0x20, 0xbf, 0xff, 0xb0, 0x0, 0x0, 0x6,
    0xff, 0xfa, 0xb, 0xff, 0xf2, 0x0, 0x0, 0x0,
    0xc, 0xff, 0xe0, 0xbf, 0xfd, 0x0, 0x0, 0x0,
    0x0, 0x7f, 0xff, 0x1b, 0xff, 0xc0, 0x0, 0x0,
    0x0, 0x6, 0xff, 0xf2, 0xbf, 0xfd, 0x0, 0x0,
    0x0, 0x0, 0x7f, 0xff, 0x1b, 0xff, 0xf2, 0x0,
    0x0, 0x0, 0xc, 0xff, 0xe0, 0xbf, 0xff, 0xb0,
    0x0, 0x0, 0x6, 0xff, 0xf9, 0xb, 0xff, 0xff,
    0xc4, 0x0, 0x29, 0xff, 0xff, 0x20, 0xbf, 0xff,
    0xff, 0xff, 0xff, 0xff, 0xff, 0x60, 0xb, 0xff,
    0xda, 0xff, 0xff, 0xff, 0xff, 0x60, 0x0, 0xbf,
    0xfc, 0x4, 0xae, 0xff, 0xc8, 0x10, 0x0, 0xb,
    0xff, 0xc0, 0x0, 0x0, 0x0, 0x0, 0x0, 0x0,
    0xbf, 0xfc, 0x0, 0x0, 0x0, 0x0, 0x0, 0x0,
    0xb, 0xff, 0xc0, 0x0, 0x0, 0x0, 0x0, 0x0,
    0x0, 0xbf, 0xfc, 0x0, 0x0, 0x0, 0x0, 0x0,
    0x0, 0xb, 0xff, 0xc0, 0x0, 0x0, 0x0, 0x0,
    0x0, 0x0,

    /* U+0071 "q" */
    0x0, 0x0, 0x6b, 0xef, 0xfc, 0x60, 0x6f, 0xfe,
    0x0, 0x3d, 0xff, 0xff, 0xff, 0xfd, 0x8f, 0xfe,
    0x3, 0xff, 0xff, 0xff, 0xff, 0xff, 0xff, 0xfe,
    0xe, 0xff, 0xfa, 0x30, 0x3, 0xaf, 0xff, 0xfe,
    0x6f, 0xff, 0x90, 0x0, 0x0, 0x8, 0xff, 0xfe,
    0xbf, 0xff, 0x0, 0x0, 0x0, 0x0, 0xef, 0xfe,
    0xef, 0xfb, 0x0, 0x0, 0x0, 0x0, 0xaf, 0xfe,
    0xef, 0xf9, 0x0, 0x0, 0x0, 0x0, 0x8f, 0xfe,
    0xef, 0xfb, 0x0, 0x0, 0x0, 0x0, 0xaf, 0xfe,
    0xbf, 0xff, 0x0, 0x0, 0x0, 0x0, 0xef, 0xfe,
    0x6f, 0xff, 0x90, 0x0, 0x0, 0x8, 0xff, 0xfe,
    0xe, 0xff, 0xfb, 0x30, 0x3, 0xaf, 0xff, 0xfe,
    0x3, 0xff, 0xff, 0xff, 0xff, 0xff, 0xff, 0xfe,
    0x0, 0x3d, 0xff, 0xff, 0xff, 0xfc, 0xaf, 0xfe,
    0x0, 0x0, 0x6b, 0xef, 0xfc, 0x60, 0x9f, 0xfe,
    0x0, 0x0, 0x0, 0x0, 0x0, 0x0, 0x9f, 0xfe,
    0x0, 0x0, 0x0, 0x0, 0x0, 0x0, 0x9f, 0xfe,
    0x0, 0x0, 0x0, 0x0, 0x0, 0x0, 0x9f, 0xfe,
    0x0, 0x0, 0x0, 0x0, 0x0, 0x0, 0x9f, 0xfe,
    0x0, 0x0, 0x0, 0x0, 0x0, 0x0, 0x9f, 0xfe,

    /* U+0072 "r" */
    0xbf, 0xfa, 0x5, 0xbe, 0xeb, 0xff, 0xab, 0xff,
    0xff, 0xbf, 0xff, 0xff, 0xff, 0xfb, 0xff, 0xff,
    0xc4, 0x11, 0xbf, 0xff, 0xb0, 0x0, 0xb, 0xff,
    0xf2, 0x0, 0x0, 0xbf, 0xfe, 0x0, 0x0, 0xb,
    0xff, 0xc0, 0x0, 0x0, 0xbf, 0xfc, 0x0, 0x0,
    0xb, 0xff, 0xc0, 0x0, 0x0, 0xbf, 0xfc, 0x0,
    0x0, 0xb, 0xff, 0xc0, 0x0, 0x0, 0xbf, 0xfc,
    0x0, 0x0, 0xb, 0xff, 0xc0, 0x0, 0x0, 0xbf,
    0xfc, 0x0, 0x0, 0x0,

    /* U+0073 "s" */
    0x0, 0x2, 0x8c, 0xff, 0xfd, 0xb7, 0x10, 0x0,
    0x7f, 0xff, 0xff, 0xff, 0xff, 0xf1, 0x6, 0xff,
    0xff, 0xed, 0xdf, 0xff, 0x90, 0xd, 0xff, 0xd2,
    0x0, 0x0, 0x4b, 0x10, 0xf, 0xff, 0x70, 0x0,
    0x0, 0x0, 0x0, 0xd, 0xff, 0xe4, 0x0, 0x0,
    0x0, 0x0, 0x7, 0xff, 0xff, 0xfc, 0xa7, 0x30,
    0x0, 0x0, 0x9f, 0xff, 0xff, 0xff, 0xfd, 0x40,
    0x0, 0x1, 0x7a, 0xdf, 0xff, 0xff, 0xf2, 0x0,
    0x0, 0x0, 0x0, 0x28, 0xff, 0xf9, 0x0, 0x0,
    0x0, 0x0, 0x0, 0xcf, 0xfa, 0x7, 0xe8, 0x30,
    0x0, 0x4, 0xff, 0xf8, 0xe, 0xff, 0xff, 0xdd,
    0xef, 0xff, 0xf2, 0x2d, 0xff, 0xff, 0xff, 0xff,
    0xfe, 0x40, 0x0, 0x48, 0xce, 0xff, 0xeb, 0x71,
    0x0,

    /* U+0074 "t" */
    0x0, 0x18, 0x88, 0x20, 0x0, 0x0, 0x0, 0x3f,
    0xff, 0x40, 0x0, 0x0, 0x0, 0x3f, 0xff, 0x40,
    0x0, 0x0, 0x0, 0x3f, 0xff, 0x40, 0x0, 0x0,
    0xbf, 0xff, 0xff, 0xff, 0xff, 0x40, 0xbf, 0xff,
    0xff, 0xff, 0xff, 0x40, 0x8c, 0xdf, 0xff, 0xdc,
    0xcc, 0x30, 0x0, 0x3f, 0xff, 0x40, 0x0, 0x0,
    0x0, 0x3f, 0xff, 0x40, 0x0, 0x0, 0x0, 0x3f,
    0xff, 0x40, 0x0, 0x0, 0x0, 0x3f, 0xff, 0x40,
    0x0, 0x0, 0x0, 0x3f, 0xff, 0x40, 0x0, 0x0,
    0x0, 0x3f, 0xff, 0x40, 0x0, 0x0, 0x0, 0x3f,
    0xff, 0x40, 0x0, 0x0, 0x0, 0x3f, 0xff, 0x50,
    0x0, 0x0, 0x0, 0x1f, 0xff, 0xc0, 0x1, 0x20,
    0x0, 0xb, 0xff, 0xff, 0xef, 0xa0, 0x0, 0x2,
    0xef, 0xff, 0xff, 0xf1, 0x0, 0x0, 0x19, 0xdf,
    0xfc, 0x70,

    /* U+0075 "u" */
    0xdf, 0xfb, 0x0, 0x0, 0x0, 0xb, 0xff, 0xcd,
    0xff, 0xb0, 0x0, 0x0, 0x0, 0xbf, 0xfc, 0xdf,
    0xfb, 0x0, 0x0, 0x0, 0xb, 0xff, 0xcd, 0xff,
    0xb0, 0x0, 0x0, 0x0, 0xbf, 0xfc, 0xdf, 0xfb,
    0x0, 0x0, 0x0, 0xb, 0xff, 0xcd, 0xff, 0xb0,
    0x0, 0x0, 0x0, 0xbf, 0xfc, 0xdf, 0xfb, 0x0,
    0x0, 0x0, 0xb, 0xff, 0xcd, 0xff, 0xb0, 0x0,
    0x0, 0x0, 0xbf, 0xfc, 0xcf, 0xfb, 0x0, 0x0,
    0x0, 0xd, 0xff, 0xcc, 0xff, 0xd0, 0x0, 0x0,
    0x1, 0xff, 0xfc, 0x9f, 0xff, 0x40, 0x0, 0x0,
    0x9f, 0xff, 0xc4, 0xff, 0xff, 0x61, 0x13, 0xaf,
    0xff, 0xfc, 0xc, 0xff, 0xff, 0xff, 0xff, 0xff,
    0xff, 0xc0, 0x1c, 0xff, 0xff, 0xff, 0xfc, 0xaf,
    0xfc, 0x0, 0x6, 0xbe, 0xfe, 0xb6, 0x9, 0xff,
    0xc0,

    /* U+0076 "v" */
    0xe, 0xff, 0xb0, 0x0, 0x0, 0x0, 0x4, 0xff,
    0xf1, 0x8, 0xff, 0xf2, 0x0, 0x0, 0x0, 0xb,
    0xff, 0xa0, 0x1, 0xff, 0xf8, 0x0, 0x0, 0x0,
    0x2f, 0xff, 0x30, 0x0, 0xaf, 0xfe, 0x0, 0x0,
    0x0, 0x9f, 0xfc, 0x0, 0x0, 0x3f, 0xff, 0x60,
    0x0, 0x0, 0xff, 0xf6, 0x0, 0x0, 0xc, 0xff,
    0xc0, 0x0, 0x7, 0xff, 0xe0, 0x0, 0x0, 0x5,
    0xff, 0xf3, 0x0, 0xd, 0xff, 0x80, 0x0, 0x0,
    0x0, 0xef, 0xfa, 0x0, 0x4f, 0xff, 0x10, 0x0,
    0x0, 0x0, 0x8f, 0xff, 0x10, 0xbf, 0xfa, 0x0,
    0x0, 0x0, 0x0, 0x1f, 0xff, 0x72, 0xff, 0xf3,
    0x0, 0x0, 0x0, 0x0, 0xa, 0xff, 0xd9, 0xff,
    0xc0, 0x0, 0x0, 0x0, 0x0, 0x3, 0xff, 0xff,
    0xff, 0x60, 0x0, 0x0, 0x0, 0x0, 0x0, 0xcf,
    0xff, 0xfe, 0x0, 0x0, 0x0, 0x0, 0x0, 0x0,
    0x6f, 0xff, 0xf8, 0x0, 0x0, 0x0, 0x0, 0x0,
    0x0, 0xe, 0xff, 0xf1, 0x0, 0x0, 0x0,

    /* U+0077 "w" */
    0xbf, 0xf9, 0x0, 0x0, 0x0, 0xb, 0xff, 0x90,
    0x0, 0x0, 0x0, 0xaf, 0xf7, 0x5f, 0xfe, 0x0,
    0x0, 0x0, 0x1f, 0xff, 0xf0, 0x0, 0x0, 0x1,
    0xff, 0xf1, 0xf, 0xff, 0x40, 0x0, 0x0, 0x7f,
    0xff, 0xf5, 0x0, 0x0, 0x6, 0xff, 0xb0, 0x9,
    0xff, 0xa0, 0x0, 0x0, 0xdf, 0xff, 0xfb, 0x0,
    0x0, 0xc, 0xff, 0x50, 0x4, 0xff, 0xf0, 0x0,
    0x3, 0xff, 0xff, 0xff, 0x10, 0x0, 0x2f, 0xff,
    0x0, 0x0, 0xef, 0xf6, 0x0, 0x9, 0xff, 0x9c,
    0xff, 0x60, 0x0, 0x8f, 0xf9, 0x0, 0x0, 0x8f,
    0xfb, 0x0, 0xe, 0xff, 0x26, 0xff, 0xc0, 0x0,
    0xdf, 0xf3, 0x0, 0x0, 0x2f, 0xff, 0x10, 0x5f,
    0xfc, 0x1, 0xff, 0xf2, 0x3, 0xff, 0xd0, 0x0,
    0x0, 0xc, 0xff, 0x70, 0xbf, 0xf6, 0x0, 0xaf,
    0xf7, 0x9, 0xff, 0x80, 0x0, 0x0, 0x6, 0xff,
    0xc1, 0xff, 0xf1, 0x0, 0x4f, 0xfd, 0xe, 0xff,
    0x20, 0x0, 0x0, 0x1, 0xff, 0xf9, 0xff, 0xa0,
    0x0, 0xe, 0xff, 0x8f, 0xfc, 0x0, 0x0, 0x0,
    0x0, 0xbf, 0xff, 0xff, 0x40, 0x0, 0x9, 0xff,
    0xff, 0xf6, 0x0, 0x0, 0x0, 0x0, 0x5f, 0xff,
    0xfe, 0x0, 0x0, 0x2, 0xff, 0xff, 0xf1, 0x0,
    0x0, 0x0, 0x0, 0xe, 0xff, 0xf8, 0x0, 0x0,
    0x0, 0xdf, 0xff, 0xa0, 0x0, 0x0, 0x0, 0x0,
    0x9, 0xff, 0xf2, 0x0, 0x0, 0x0, 0x7f, 0xff,
    0x40, 0x0, 0x0,

    /* U+0078 "x" */
    0x2f, 0xff, 0xc0, 0x0, 0x0, 0xa, 0xff, 0xf2,
    0x5, 0xff, 0xf8, 0x0, 0x0, 0x6f, 0xff, 0x50,
    0x0, 0x9f, 0xff, 0x40, 0x2, 0xff, 0xf9, 0x0,
    0x0, 0xd, 0xff, 0xe1, 0xd, 0xff, 0xc0, 0x0,
    0x0, 0x2, 0xff, 0xfb, 0xaf, 0xff, 0x20, 0x0,
    0x0, 0x0, 0x5f, 0xff, 0xff, 0xf5, 0x0, 0x0,
    0x0, 0x0, 0x9, 0xff, 0xff, 0x80, 0x0, 0x0,
    0x0, 0x0, 0x2, 0xff, 0xff, 0x20, 0x0, 0x0,
    0x0, 0x0, 0xc, 0xff, 0xff, 0xc0, 0x0, 0x0,
    0x0, 0x0, 0x8f, 0xff, 0xff, 0xf9, 0x0, 0x0,
    0x0, 0x5, 0xff, 0xf7, 0x8f, 0xff, 0x50, 0x0,
    0x0, 0x2f, 0xff, 0xb0, 0xc, 0xff, 0xf2, 0x0,
    0x0, 0xcf, 0xfe, 0x10, 0x1, 0xef, 0xfd, 0x0,
    0x9, 0xff, 0xf3, 0x0, 0x0, 0x4f, 0xff, 0xa0,
    0x5f, 0xff, 0x70, 0x0, 0x0, 0x8, 0xff, 0xf6,

    /* U+0079 "y" */
    0xe, 0xff, 0xb0, 0x0, 0x0, 0x0, 0x4, 0xff,
    0xf1, 0x7, 0xff, 0xf2, 0x0, 0x0, 0x0, 0xb,
    0xff, 0xa0, 0x1, 0xff, 0xf9, 0x0, 0x0, 0x0,
    0x2f, 0xff, 0x20, 0x0, 0x9f, 0xff, 0x10, 0x0,
    0x0, 0x9f, 0xfb, 0x0, 0x0, 0x2f, 0xff, 0x70,
    0x0, 0x1, 0xff, 0xf4, 0x0, 0x0, 0xa, 0xff,
    0xe0, 0x0, 0x7, 0xff, 0xd0, 0x0, 0x0, 0x3,
    0xff, 0xf5, 0x0, 0xe, 0xff, 0x60, 0x0, 0x0,
    0x0, 0xcf, 0xfc, 0x0, 0x5f, 0xfe, 0x0, 0x0,
    0x0, 0x0, 0x5f, 0xff, 0x30, 0xdf, 0xf8, 0x0,
    0x0, 0x0, 0x0, 0xd, 0xff, 0xa4, 0xff, 0xf1,
    0x0, 0x0, 0x0, 0x0, 0x7, 0xff, 0xfc, 0xff,
    0x90, 0x0, 0x0, 0x0, 0x0, 0x0, 0xff, 0xff,
    0xff, 0x20, 0x0, 0x0, 0x0, 0x0, 0x0, 0x8f,
    0xff, 0xfb, 0x0, 0x0, 0x0, 0x0, 0x0, 0x0,
    0x1f, 0xff, 0xf4, 0x0, 0x0, 0x0, 0x0, 0x0,
    0x0, 0xc, 0xff, 0xd0, 0x0, 0x0, 0x0, 0x0,
    0x0, 0x0, 0x1f, 0xff, 0x60, 0x0, 0x0, 0x0,
    0x4, 0x70, 0x1, 0xcf, 0xfe, 0x0, 0x0, 0x0,
    0x0, 0xd, 0xff, 0xef, 0xff, 0xf5, 0x0, 0x0,
    0x0, 0x0, 0x4f, 0xff, 0xff, 0xff, 0x80, 0x0,
    0x0, 0x0, 0x0, 0x4, 0xae, 0xfe, 0xb4, 0x0,
    0x0, 0x0, 0x0, 0x0,

    /* U+007A "z" */
    0xcf, 0xff, 0xff, 0xff, 0xff, 0xff, 0xbc, 0xff,
    0xff, 0xff, 0xff, 0xff, 0xfb, 0x9c, 0xcc, 0xcc,
    0xcc, 0xff, 0xff, 0x70, 0x0, 0x0, 0x0, 0x4f,
    0xff, 0xa0, 0x0, 0x0, 0x0, 0x2f, 0xff, 0xc0,
    0x0, 0x0, 0x0, 0x1d, 0xff, 0xe1, 0x0, 0x0,
    0x0, 0xb, 0xff, 0xf3, 0x0, 0x0, 0x0, 0x9,
    0xff, 0xf5, 0x0, 0x0, 0x0, 0x6, 0xff, 0xf8,
    0x0, 0x0, 0x0, 0x3, 0xff, 0xfb, 0x0, 0x0,
    0x0, 0x2, 0xef, 0xfd, 0x10, 0x0, 0x0, 0x0,
    0xdf, 0xff, 0x20, 0x0, 0x0, 0x0, 0xaf, 0xff,
    0xec, 0xcc, 0xcc, 0xcc, 0xcf, 0xff, 0xff, 0xff,
    0xff, 0xff, 0xff, 0xff, 0xff, 0xff, 0xff, 0xff,
    0xff, 0xf0,

    /* U+00C0 "À" */
    0x0, 0x0, 0x0, 0x7f, 0xff, 0x80, 0x0, 0x0,
    0x0, 0x0, 0x0, 0x0, 0x0, 0x0, 0x0, 0x4f,
    0xff, 0x70, 0x0, 0x0, 0x0, 0x0, 0x0, 0x0,
    0x0, 0x0, 0x0, 0x2d, 0xff, 0x60, 0x0, 0x0,
    0x0, 0x0, 0x0, 0x0, 0x0, 0x0, 0x0, 0x1b,
    0xff, 0x50, 0x0, 0x0, 0x0, 0x0, 0x0, 0x0,
    0x0, 0x0, 0x0, 0x0, 0x0, 0x0, 0x0, 0x0,
    0x0, 0x0, 0x0, 0x0, 0x0, 0x0, 0x0, 0x0,
    0x0, 0x0, 0x0, 0x0, 0x0, 0x0, 0x0, 0x0,
    0x0, 0x8, 0xff, 0xf8, 0x0, 0x0, 0x0, 0x0,
    0x0, 0x0, 0x0, 0x0, 0x1, 0xff, 0xff, 0xe0,
    0x0, 0x0, 0x0, 0x0, 0x0, 0x0, 0x0, 0x0,
    0x7f, 0xff, 0xff, 0x60, 0x0, 0x0, 0x0, 0x0,
    0x0, 0x0, 0x0, 0xe, 0xff, 0xef, 0xfe, 0x0,
    0x0, 0x0, 0x0, 0x0, 0x0, 0x0, 0x6, 0xff,
    0xf3, 0xff, 0xf5, 0x0, 0x0, 0x0, 0x0, 0x0,
    0x0, 0x0, 0xdf, 0xf9, 0xb, 0xff, 0xd0, 0x0,
    0x0, 0x0, 0x0, 0x0, 0x0, 0x5f, 0xff, 0x20,
    0x3f, 0xff, 0x40, 0x0, 0x0, 0x0, 0x0, 0x0,
    0xc, 0xff, 0xb0, 0x0, 0xcf, 0xfc, 0x0, 0x0,
    0x0, 0x0, 0x0, 0x4, 0xff, 0xf4, 0x0, 0x5,
    0xff, 0xf3, 0x0, 0x0, 0x0, 0x0, 0x0, 0xbf,
    0xfc, 0x0, 0x0, 0xe, 0xff, 0xa0, 0x0, 0x0,
    0x0, 0x0, 0x3f, 0xff, 0x50, 0x0, 0x0, 0x7f,
    0xff, 0x20, 0x0, 0x0, 0x0, 0xa, 0xff, 0xe0,
    0x0, 0x0, 0x1, 0xff, 0xf9, 0x0, 0x0, 0x0,
    0x2, 0xff, 0xff, 0xff, 0xff, 0xff, 0xff, 0xff,
    0xf1, 0x0, 0x0, 0x0, 0x9f, 0xff, 0xff, 0xff,
    0xff, 0xff, 0xff, 0xff, 0x80, 0x0, 0x0, 0x1f,
    0xff, 0xed, 0xdd, 0xdd, 0xdd, 0xdd, 0xef, 0xff,
    0x10, 0x0, 0x8, 0xff, 0xf2, 0x0, 0x0, 0x0,
    0x0, 0x4, 0xff, 0xf7, 0x0, 0x0, 0xef, 0xfb,
    0x0, 0x0, 0x0, 0x0, 0x0, 0xc, 0xff, 0xe0,
    0x0, 0x7f, 0xff, 0x40, 0x0, 0x0, 0x0, 0x0,
    0x0, 0x5f, 0xff, 0x60, 0xe, 0xff, 0xd0, 0x0,
    0x0, 0x0, 0x0, 0x0, 0x0, 0xef, 0xfd, 0x0,

    /* U+00C1 "Á" */
    0x0, 0x0, 0x0, 0x0, 0x0, 0x0, 0x9f, 0xff,
    0x60, 0x0, 0x0, 0x0, 0x0, 0x0, 0x0, 0x0,
    0x0, 0x8f, 0xfe, 0x40, 0x0, 0x0, 0x0, 0x0,
    0x0, 0x0, 0x0, 0x0, 0x7f, 0xfd, 0x20, 0x0,
    0x0, 0x0, 0x0, 0x0, 0x0, 0x0, 0x0, 0x6f,
    0xfb, 0x0, 0x0, 0x0, 0x0, 0x0, 0x0, 0x0,
    0x0, 0x0, 0x0, 0x0, 0x0, 0x0, 0x0, 0x0,
    0x0, 0x0, 0x0, 0x0, 0x0, 0x0, 0x0, 0x0,
    0x0, 0x0, 0x0, 0x0, 0x0, 0x0, 0x0, 0x0,
    0x0, 0x8, 0xff, 0xf8, 0x0, 0x0, 0x0, 0x0,
    0x0, 0x0, 0x0, 0x0, 0x1, 0xff, 0xff, 0xe0,
    0x0, 0x0, 0x0, 0x0, 0x0, 0x0, 0x0, 0x0,
    0x7f, 0xff, 0xff, 0x60, 0x0, 0x0, 0x0, 0x0,
    0x0, 0x0, 0x0, 0xe, 0xff, 0xef, 0xfe, 0x0,
    0x0, 0x0, 0x0, 0x0, 0x0, 0x0, 0x6, 0xff,
    0xf3, 0xff, 0xf5, 0x0, 0x0, 0x0, 0x0, 0x0,
    0x0, 0x0, 0xdf, 0xf9, 0xb, 0xff, 0xd0, 0x0,
    0x0, 0x0, 0x0, 0x0, 0x0, 0x5f, 0xff, 0x20,
    0x3f, 0xff, 0x40, 0x0, 0x0, 0x0, 0x0, 0x0,
    0xc, 0xff, 0xb0, 0x0, 0xcf, 0xfc, 0x0, 0x0,
    0x0, 0x0, 0x0, 0x4, 0xff, 0xf4, 0x0, 0x5,
    0xff, 0xf3, 0x0, 0x0, 0x0, 0x0, 0x0, 0xbf,
    0xfc, 0x0, 0x0, 0xe, 0xff, 0xa0, 0x0, 0x0,
    0x0, 0x0, 0x3f, 0xff, 0x50, 0x0, 0x0, 0x7f,
    0xff, 0x20, 0x0, 0x0, 0x0, 0xa, 0xff, 0xe0,
    0x0, 0x0, 0x1, 0xff, 0xf9, 0x0, 0x0, 0x0,
    0x2, 0xff, 0xff, 0xff, 0xff, 0xff, 0xff, 0xff,
    0xf1, 0x0, 0x0, 0x0, 0x9f, 0xff, 0xff, 0xff,
    0xff, 0xff, 0xff, 0xff, 0x80, 0x0, 0x0, 0x1f,
    0xff, 0xed, 0xdd, 0xdd, 0xdd, 0xdd, 0xef, 0xff,
    0x10, 0x0, 0x8, 0xff, 0xf2, 0x0, 0x0, 0x0,
    0x0, 0x4, 0xff, 0xf7, 0x0, 0x0, 0xef, 0xfb,
    0x0, 0x0, 0x0, 0x0, 0x0, 0xc, 0xff, 0xe0,
    0x0, 0x7f, 0xff, 0x40, 0x0, 0x0, 0x0, 0x0,
    0x0, 0x5f, 0xff, 0x60, 0xe, 0xff, 0xd0, 0x0,
    0x0, 0x0, 0x0, 0x0, 0x0, 0xef, 0xfd, 0x0,

    /* U+00C2 "Â" */
    0x0, 0x0, 0x0, 0x0, 0x9, 0xff, 0xf8, 0x0,
    0x0, 0x0, 0x0, 0x0, 0x0, 0x0, 0x0, 0x8,
    0xff, 0xff, 0xf7, 0x0, 0x0, 0x0, 0x0, 0x0,
    0x0, 0x0, 0x7, 0xff, 0xc4, 0xdf, 0xf6, 0x0,
    0x0, 0x0, 0x0, 0x0, 0x0, 0x6, 0xff, 0x90,
    0x0, 0xaf, 0xf5, 0x0, 0x0, 0x0, 0x0, 0x0,
    0x0, 0x0, 0x0, 0x0, 0x0, 0x0, 0x0, 0x0,
    0x0, 0x0, 0x0, 0x0, 0x0, 0x0, 0x0, 0x0,
    0x0, 0x0, 0x0, 0x0, 0x0, 0x0, 0x0, 0x0,
    0x0, 0x8, 0xff, 0xf8, 0x0, 0x0, 0x0, 0x0,
    0x0, 0x0, 0x0, 0x0, 0x1, 0xff, 0xff, 0xe0,
    0x0, 0x0, 0x0, 0x0, 0x0, 0x0, 0x0, 0x0,
    0x7f, 0xff, 0xff, 0x60, 0x0, 0x0, 0x0, 0x0,
    0x0, 0x0, 0x0, 0xe, 0xff, 0xef, 0xfe, 0x0,
    0x0, 0x0, 0x0, 0x0, 0x0, 0x0, 0x6, 0xff,
    0xf3, 0xff, 0xf5, 0x0, 0x0, 0x0, 0x0, 0x0,
    0x0, 0x0, 0xdf, 0xf9, 0xb, 0xff, 0xd0, 0x0,
    0x0, 0x0, 0x0, 0x0, 0x0, 0x5f, 0xff, 0x20,
    0x3f, 0xff, 0x40, 0x0, 0x0, 0x0, 0x0, 0x0,
    0xc, 0xff, 0xb0, 0x0, 0xcf, 0xfc, 0x0, 0x0,
    0x0, 0x0, 0x0, 0x4, 0xff, 0xf4, 0x0, 0x5,
    0xff, 0xf3, 0x0, 0x0, 0x0, 0x0, 0x0, 0xbf,
    0xfc, 0x0, 0x0, 0xe, 0xff, 0xa0, 0x0, 0x0,
    0x0, 0x0, 0x3f, 0xff, 0x50, 0x0, 0x0, 0x7f,
    0xff, 0x20, 0x0, 0x0, 0x0, 0xa, 0xff, 0xe0,
    0x0, 0x0, 0x1, 0xff, 0xf9, 0x0, 0x0, 0x0,
    0x2, 0xff, 0xff, 0xff, 0xff, 0xff, 0xff, 0xff,
    0xf1, 0x0, 0x0, 0x0, 0x9f, 0xff, 0xff, 0xff,
    0xff, 0xff, 0xff, 0xff, 0x80, 0x0, 0x0, 0x1f,
    0xff, 0xed, 0xdd, 0xdd, 0xdd, 0xdd, 0xef, 0xff,
    0x10, 0x0, 0x8, 0xff, 0xf2, 0x0, 0x0, 0x0,
    0x0, 0x4, 0xff, 0xf7, 0x0, 0x0, 0xef, 0xfb,
    0x0, 0x0, 0x0, 0x0, 0x0, 0xc, 0xff, 0xe0,
    0x0, 0x7f, 0xff, 0x40, 0x0, 0x0, 0x0, 0x0,
    0x0, 0x5f, 0xff, 0x60, 0xe, 0xff, 0xd0, 0x0,
    0x0, 0x0, 0x0, 0x0, 0x0, 0xef, 0xfd, 0x0,

    /* U+00C3 "Ã" */
    0x0, 0x0, 0x0, 0x5, 0xef, 0xb2, 0x0, 0x3f,
    0xc0, 0x0, 0x0, 0x0, 0x0, 0x0, 0x3, 0xff,
    0xff, 0xf6, 0xa, 0xf9, 0x0, 0x0, 0x0, 0x0,
    0x0, 0x0, 0xaf, 0xb3, 0x9f, 0xff, 0xff, 0x30,
    0x0, 0x0, 0x0, 0x0, 0x0, 0xe, 0xf3, 0x0,
    0x5e, 0xff, 0x70, 0x0, 0x0, 0x0, 0x0, 0x0,
    0x0, 0x33, 0x0, 0x0, 0x2, 0x10, 0x0, 0x0,
    0x0, 0x0, 0x0, 0x0, 0x0, 0x0, 0x0, 0x0,
    0x0, 0x0, 0x0, 0x0, 0x0, 0x0, 0x0, 0x0,
    0x0, 0x8, 0xff, 0xf8, 0x0, 0x0, 0x0, 0x0,
    0x0, 0x0, 0x0, 0x0, 0x1, 0xff, 0xff, 0xe0,
    0x0, 0x0, 0x0, 0x0, 0x0, 0x0, 0x0, 0x0,
    0x7f, 0xff, 0xff, 0x60, 0x0, 0x0, 0x0, 0x0,
    0x0, 0x0, 0x0, 0xe, 0xff, 0xef, 0xfe, 0x0,
    0x0, 0x0, 0x0, 0x0, 0x0, 0x0, 0x6, 0xff,
    0xf3, 0xff, 0xf5, 0x0, 0x0, 0x0, 0x0, 0x0,
    0x0, 0x0, 0xdf, 0xf9, 0xb, 0xff, 0xd0, 0x0,
    0x0, 0x0, 0x0, 0x0, 0x0, 0x5f, 0xff, 0x20,
    0x3f, 0xff, 0x40, 0x0, 0x0, 0x0, 0x0, 0x0,
    0xc, 0xff, 0xb0, 0x0, 0xcf, 0xfc, 0x0, 0x0,
    0x0, 0x0, 0x0, 0x4, 0xff, 0xf4, 0x0, 0x5,
    0xff, 0xf3, 0x0, 0x0, 0x0, 0x0, 0x0, 0xbf,
    0xfc, 0x0, 0x0, 0xe, 0xff, 0xa0, 0x0, 0x0,
    0x0, 0x0, 0x3f, 0xff, 0x50, 0x0, 0x0, 0x7f,
    0xff, 0x20, 0x0, 0x0, 0x0, 0xa, 0xff, 0xe0,
    0x0, 0x0, 0x1, 0xff, 0xf9, 0x0, 0x0, 0x0,
    0x2, 0xff, 0xff, 0xff, 0xff, 0xff, 0xff, 0xff,
    0xf1, 0x0, 0x0, 0x0, 0x9f, 0xff, 0xff, 0xff,
    0xff, 0xff, 0xff, 0xff, 0x80, 0x0, 0x0, 0x1f,
    0xff, 0xed, 0xdd, 0xdd, 0xdd, 0xdd, 0xef, 0xff,
    0x10, 0x0, 0x8, 0xff, 0xf2, 0x0, 0x0, 0x0,
    0x0, 0x4, 0xff, 0xf7, 0x0, 0x0, 0xef, 0xfb,
    0x0, 0x0, 0x0, 0x0, 0x0, 0xc, 0xff, 0xe0,
    0x0, 0x7f, 0xff, 0x40, 0x0, 0x0, 0x0, 0x0,
    0x0, 0x5f, 0xff, 0x60, 0xe, 0xff, 0xd0, 0x0,
    0x0, 0x0, 0x0, 0x0, 0x0, 0xef, 0xfd, 0x0,

    /* U+00C4 "Ä" */
    0x0, 0x0, 0x0, 0x6, 0xfc, 0x10, 0x1d, 0xf5,
    0x0, 0x0, 0x0, 0x0, 0x0, 0x0, 0x0, 0xef,
    0xf6, 0x7, 0xff, 0xd0, 0x0, 0x0, 0x0, 0x0,
    0x0, 0x0, 0xb, 0xff, 0x30, 0x4f, 0xfa, 0x0,
    0x0, 0x0, 0x0, 0x0, 0x0, 0x0, 0x5, 0x20,
    0x0, 0x34, 0x0, 0x0, 0x0, 0x0, 0x0, 0x0,
    0x0, 0x0, 0x0, 0x0, 0x0, 0x0, 0x0, 0x0,
    0x0, 0x0, 0x0, 0x0, 0x0, 0x0, 0x0, 0x0,
    0x0, 0x0, 0x0, 0x0, 0x0, 0x0, 0x0, 0x0,
    0x0, 0x8, 0xff, 0xf8, 0x0, 0x0, 0x0, 0x0,
    0x0, 0x0, 0x0, 0x0, 0x1, 0xff, 0xff, 0xe0,
    0x0, 0x0, 0x0, 0x0, 0x0, 0x0, 0x0, 0x0,
    0x7f, 0xff, 0xff, 0x60, 0x0, 0x0, 0x0, 0x0,
    0x0, 0x0, 0x0, 0xe, 0xff, 0xef, 0xfe, 0x0,
    0x0, 0x0, 0x0, 0x0, 0x0, 0x0, 0x6, 0xff,
    0xf3, 0xff, 0xf5, 0x0, 0x0, 0x0, 0x0, 0x0,
    0x0, 0x0, 0xdf, 0xf9, 0xb, 0xff, 0xd0, 0x0,
    0x0, 0x0, 0x0, 0x0, 0x0, 0x5f, 0xff, 0x20,
    0x3f, 0xff, 0x40, 0x0, 0x0, 0x0, 0x0, 0x0,
    0xc, 0xff, 0xb0, 0x0, 0xcf, 0xfc, 0x0, 0x0,
    0x0, 0x0, 0x0, 0x4, 0xff, 0xf4, 0x0, 0x5,
    0xff, 0xf3, 0x0, 0x0, 0x0, 0x0, 0x0, 0xbf,
    0xfc, 0x0, 0x0, 0xe, 0xff, 0xa0, 0x0, 0x0,
    0x0, 0x0, 0x3f, 0xff, 0x50, 0x0, 0x0, 0x7f,
    0xff, 0x20, 0x0, 0x0, 0x0, 0xa, 0xff, 0xe0,
    0x0, 0x0, 0x1, 0xff, 0xf9, 0x0, 0x0, 0x0,
    0x2, 0xff, 0xff, 0xff, 0xff, 0xff, 0xff, 0xff,
    0xf1, 0x0, 0x0, 0x0, 0x9f, 0xff, 0xff, 0xff,
    0xff, 0xff, 0xff, 0xff, 0x80, 0x0, 0x0, 0x1f,
    0xff, 0xed, 0xdd, 0xdd, 0xdd, 0xdd, 0xef, 0xff,
    0x10, 0x0, 0x8, 0xff, 0xf2, 0x0, 0x0, 0x0,
    0x0, 0x4, 0xff, 0xf7, 0x0, 0x0, 0xef, 0xfb,
    0x0, 0x0, 0x0, 0x0, 0x0, 0xc, 0xff, 0xe0,
    0x0, 0x7f, 0xff, 0x40, 0x0, 0x0, 0x0, 0x0,
    0x0, 0x5f, 0xff, 0x60, 0xe, 0xff, 0xd0, 0x0,
    0x0, 0x0, 0x0, 0x0, 0x0, 0xef, 0xfd, 0x0,

    /* U+00C5 "Å" */
    0x0, 0x0, 0x0, 0x0, 0x0, 0x1, 0x0, 0x0,
    0x0, 0x0, 0x0, 0x0, 0x0, 0x0, 0x0, 0x0,
    0x7f, 0xfe, 0x60, 0x0, 0x0, 0x0, 0x0, 0x0,
    0x0, 0x0, 0x0, 0x5f, 0x95, 0xaf, 0x40, 0x0,
    0x0, 0x0, 0x0, 0x0, 0x0, 0x0, 0xb, 0xd0,
    0x0, 0xea, 0x0, 0x0, 0x0, 0x0, 0x0, 0x0,
    0x0, 0x0, 0xcc, 0x0, 0xd, 0xa0, 0x0, 0x0,
    0x0, 0x0, 0x0, 0x0, 0x0, 0x7, 0xf6, 0x27,
    0xf6, 0x0, 0x0, 0x0, 0x0, 0x0, 0x0, 0x0,
    0x0, 0xa, 0xff, 0xf9, 0x0, 0x0, 0x0, 0x0,
    0x0, 0x0, 0x0, 0x0, 0x0, 0x2, 0x42, 0x0,
    0x0, 0x0, 0x0, 0x0, 0x0, 0x0, 0x0, 0x0,
    0x0, 0x0, 0x0, 0x0, 0x0, 0x0, 0x0, 0x0,
    0x0, 0x0, 0x0, 0x0, 0x8f, 0xff, 0x80, 0x0,
    0x0, 0x0, 0x0, 0x0, 0x0, 0x0, 0x0, 0x1f,
    0xff, 0xfe, 0x0, 0x0, 0x0, 0x0, 0x0, 0x0,
    0x0, 0x0, 0x7, 0xff, 0xff, 0xf6, 0x0, 0x0,
    0x0, 0x0, 0x0, 0x0, 0x0, 0x0, 0xef, 0xfe,
    0xff, 0xe0, 0x0, 0x0, 0x0, 0x0, 0x0, 0x0,
    0x0, 0x6f, 0xff, 0x3f, 0xff, 0x50, 0x0, 0x0,
    0x0, 0x0, 0x0, 0x0, 0xd, 0xff, 0x90, 0xbf,
    0xfd, 0x0, 0x0, 0x0, 0x0, 0x0, 0x0, 0x5,
    0xff, 0xf2, 0x3, 0xff, 0xf4, 0x0, 0x0, 0x0,
    0x0, 0x0, 0x0, 0xcf, 0xfb, 0x0, 0xc, 0xff,
    0xc0, 0x0, 0x0, 0x0, 0x0, 0x0, 0x4f, 0xff,
    0x40, 0x0, 0x5f, 0xff, 0x30, 0x0, 0x0, 0x0,
    0x0, 0xb, 0xff, 0xc0, 0x0, 0x0, 0xef, 0xfa,
    0x0, 0x0, 0x0, 0x0, 0x3, 0xff, 0xf5, 0x0,
    0x0, 0x7, 0xff, 0xf2, 0x0, 0x0, 0x0, 0x0,
    0xaf, 0xfe, 0x0, 0x0, 0x0, 0x1f, 0xff, 0x90,
    0x0, 0x0, 0x0, 0x2f, 0xff, 0xff, 0xff, 0xff,
    0xff, 0xff, 0xff, 0x10, 0x0, 0x0, 0x9, 0xff,
    0xff, 0xff, 0xff, 0xff, 0xff, 0xff, 0xf8, 0x0,
    0x0, 0x1, 0xff, 0xfe, 0xdd, 0xdd, 0xdd, 0xdd,
    0xde, 0xff, 0xf1, 0x0, 0x0, 0x8f, 0xff, 0x20,
    0x0, 0x0, 0x0, 0x0, 0x4f, 0xff, 0x70, 0x0,
    0xe, 0xff, 0xb0, 0x0, 0x0, 0x0, 0x0, 0x0,
    0xcf, 0xfe, 0x0, 0x7, 0xff, 0xf4, 0x0, 0x0,
    0x0, 0x0, 0x0, 0x5, 0xff, 0xf6, 0x0, 0xef,
    0xfd, 0x0, 0x0, 0x0, 0x0, 0x0, 0x0, 0xe,
    0xff, 0xd0,

    /* U+00C6 "Æ" */
    0x0, 0x0, 0x0, 0x0, 0x0, 0x1, 0xff, 0xff,
    0xff, 0xff, 0xff, 0xff, 0xff, 0xff, 0xf0, 0x0,
    0x0, 0x0, 0x0, 0x0, 0xa, 0xff, 0xff, 0xff,
    0xff, 0xff, 0xff, 0xff, 0xff, 0xf0, 0x0, 0x0,
    0x0, 0x0, 0x0, 0x4f, 0xff, 0xff, 0xff, 0xff,
    0xff, 0xff, 0xff, 0xff, 0xf0, 0x0, 0x0, 0x0,
    0x0, 0x0, 0xdf, 0xfb, 0x6f, 0xff, 0x40, 0x0,
    0x0, 0x0, 0x0, 0x0, 0x0, 0x0, 0x0, 0x0,
    0x7, 0xff, 0xf2, 0x5f, 0xff, 0x40, 0x0, 0x0,
    0x0, 0x0, 0x0, 0x0, 0x0, 0x0, 0x0, 0x1f,
    0xff, 0x80, 0x5f, 0xff, 0x40, 0x0, 0x0, 0x0,
    0x0, 0x0, 0x0, 0x0, 0x0, 0x0, 0xaf, 0xfe,
    0x0, 0x5f, 0xff, 0x40, 0x0, 0x0, 0x0, 0x0,
    0x0, 0x0, 0x0, 0x0, 0x4, 0xff, 0xf6, 0x0,
    0x5f, 0xff, 0x40, 0x0, 0x0, 0x0, 0x0, 0x0,
    0x0, 0x0, 0x0, 0xd, 0xff, 0xc0, 0x0, 0x5f,
    0xff, 0xff, 0xff, 0xff, 0xff, 0xfb, 0x0, 0x0,
    0x0, 0x0, 0x7f, 0xff, 0x30, 0x0, 0x5f, 0xff,
    0xff, 0xff, 0xff, 0xff, 0xfb, 0x0, 0x0, 0x0,
    0x1, 0xff, 0xf9, 0x0, 0x0, 0x5f, 0xff, 0xff,
    0xff, 0xff, 0xff, 0xfb, 0x0, 0x0, 0x0, 0xa,
    0xff, 0xf1, 0x0, 0x0, 0x5f, 0xff, 0x40, 0x0,
    0x0, 0x0, 0x0, 0x0, 0x0, 0x0, 0x4f, 0xff,
    0xff, 0xff, 0xff, 0xff, 0xff, 0x40, 0x0, 0x0,
    0x0, 0x0, 0x0, 0x0, 0x0, 0xdf, 0xff, 0xff,
    0xff, 0xff, 0xff, 0xff, 0x40, 0x0, 0x0, 0x0,
    0x0, 0x0, 0x0, 0x7, 0xff, 0xfd, 0xdd, 0xdd,
    0xdd, 0xef, 0xff, 0x40, 0x0, 0x0, 0x0, 0x0,
    0x0, 0x0, 0x1f, 0xff, 0xa0, 0x0, 0x0, 0x0,
    0x5f, 0xff, 0x40, 0x0, 0x0, 0x0, 0x0, 0x0,
    0x0, 0xaf, 0xff, 0x10, 0x0, 0x0, 0x0, 0x5f,
    0xff, 0xff, 0xff, 0xff, 0xff, 0xff, 0xf5, 0x3,
    0xff, 0xf7, 0x0, 0x0, 0x0, 0x0, 0x5f, 0xff,
    0xff, 0xff, 0xff, 0xff, 0xff, 0xf5, 0xd, 0xff,
    0xd0, 0x0, 0x0, 0x0, 0x0, 0x5f, 0xff, 0xff,
    0xff, 0xff, 0xff, 0xff, 0xf5,

    /* U+00C7 "Ç" */
    0x0, 0x0, 0x0, 0x49, 0xce, 0xff, 0xda, 0x60,
    0x0, 0x0, 0x0, 0x4, 0xdf, 0xff, 0xff, 0xff,
    0xff, 0xf7, 0x0, 0x0, 0x8, 0xff, 0xff, 0xff,
    0xff, 0xff, 0xff, 0xfb, 0x0, 0x8, 0xff, 0xff,
    0xd8, 0x43, 0x35, 0x9f, 0xff, 0xf3, 0x5, 0xff,
    0xff, 0x70, 0x0, 0x0, 0x0, 0x1b, 0xe2, 0x0,
    0xdf, 0xff, 0x50, 0x0, 0x0, 0x0, 0x0, 0x1,
    0x0, 0x4f, 0xff, 0xa0, 0x0, 0x0, 0x0, 0x0,
    0x0, 0x0, 0x8, 0xff, 0xf3, 0x0, 0x0, 0x0,
    0x0, 0x0, 0x0, 0x0, 0xbf, 0xff, 0x0, 0x0,
    0x0, 0x0, 0x0, 0x0, 0x0, 0xc, 0xff, 0xe0,
    0x0, 0x0, 0x0, 0x0, 0x0, 0x0, 0x0, 0xbf,
    0xff, 0x0, 0x0, 0x0, 0x0, 0x0, 0x0, 0x0,
    0x8, 0xff, 0xf3, 0x0, 0x0, 0x0, 0x0, 0x0,
    0x0, 0x0, 0x4f, 0xff, 0xa0, 0x0, 0x0, 0x0,
    0x0, 0x0, 0x0, 0x0, 0xdf, 0xff, 0x50, 0x0,
    0x0, 0x0, 0x0, 0x1, 0x0, 0x5, 0xff, 0xff,
    0x70, 0x0, 0x0, 0x0, 0x1b, 0xe2, 0x0, 0x8,
    0xff, 0xff, 0xd8, 0x43, 0x35, 0x9f, 0xff, 0xf3,
    0x0, 0x8, 0xff, 0xff, 0xff, 0xff, 0xff, 0xff,
    0xfb, 0x0, 0x0, 0x4, 0xdf, 0xff, 0xff, 0xff,
    0xff, 0xe6, 0x0, 0x0, 0x0, 0x0, 0x49, 0xcf,
    0xff, 0xda, 0x60, 0x0, 0x0, 0x0, 0x0, 0x0,
    0x0, 0xaf, 0x30, 0x0, 0x0, 0x0, 0x0, 0x0,
    0x0, 0x0, 0xf, 0xfd, 0x70, 0x0, 0x0, 0x0,
    0x0, 0x0, 0x0, 0x0, 0x57, 0xff, 0x50, 0x0,
    0x0, 0x0, 0x0, 0x0, 0x0, 0x0, 0xe, 0xf8,
    0x0, 0x0, 0x0, 0x0, 0x0, 0x0, 0x7f, 0xce,
    0xff, 0x30, 0x0, 0x0, 0x0, 0x0, 0x0, 0x7,
    0xef, 0xfc, 0x40, 0x0, 0x0, 0x0,

    /* U+00C8 "È" */
    0x0, 0x3e, 0xff, 0xc0, 0x0, 0x0, 0x0, 0x0,
    0x0, 0x1, 0xcf, 0xfc, 0x0, 0x0, 0x0, 0x0,
    0x0, 0x0, 0xa, 0xff, 0xb0, 0x0, 0x0, 0x0,
    0x0, 0x0, 0x0, 0x7f, 0xfa, 0x0, 0x0, 0x0,
    0x0, 0x0, 0x0, 0x0, 0x0, 0x0, 0x0, 0x0,
    0x0, 0x0, 0x0, 0x0, 0x0, 0x0, 0x0, 0x0,
    0x6f, 0xff, 0xff, 0xff, 0xff, 0xff, 0xff, 0xf0,
    0x6f, 0xff, 0xff, 0xff, 0xff, 0xff, 0xff, 0xf0,
    0x6f, 0xff, 0xff, 0xff, 0xff, 0xff, 0xff, 0xf0,
    0x6f, 0xff, 0x40, 0x0, 0x0, 0x0, 0x0, 0x0,
    0x6f, 0xff, 0x40, 0x0, 0x0, 0x0, 0x0, 0x0,
    0x6f, 0xff, 0x40, 0x0, 0x0, 0x0, 0x0, 0x0,
    0x6f, 0xff, 0x40, 0x0, 0x0, 0x0, 0x0, 0x0,
    0x6f, 0xff, 0x40, 0x0, 0x0, 0x0, 0x0, 0x0,
    0x6f, 0xff, 0xff, 0xff, 0xff, 0xff, 0xfb, 0x0,
    0x6f, 0xff, 0xff, 0xff, 0xff, 0xff, 0xfb, 0x0,
    0x6f, 0xff, 0xff, 0xff, 0xff, 0xff, 0xfb, 0x0,
    0x6f, 0xff, 0x40, 0x0, 0x0, 0x0, 0x0, 0x0,
    0x6f, 0xff, 0x40, 0x0, 0x0, 0x0, 0x0, 0x0,
    0x6f, 0xff, 0x40, 0x0, 0x0, 0x0, 0x0, 0x0,
    0x6f, 0xff, 0x40, 0x0, 0x0, 0x0, 0x0, 0x0,
    0x6f, 0xff, 0x40, 0x0, 0x0, 0x0, 0x0, 0x0,
    0x6f, 0xff, 0xff, 0xff, 0xff, 0xff, 0xff, 0xf5,
    0x6f, 0xff, 0xff, 0xff, 0xff, 0xff, 0xff, 0xf5,
    0x6f, 0xff, 0xff, 0xff, 0xff, 0xff, 0xff, 0xf5,

    /* U+00C9 "É" */
    0x0, 0x0, 0x0, 0x0, 0x4f, 0xff, 0xa0, 0x0,
    0x0, 0x0, 0x0, 0x3, 0xff, 0xf8, 0x0, 0x0,
    0x0, 0x0, 0x0, 0x3f, 0xff, 0x50, 0x0, 0x0,
    0x0, 0x0, 0x2, 0xef, 0xe3, 0x0, 0x0, 0x0,
    0x0, 0x0, 0x0, 0x0, 0x0, 0x0, 0x0, 0x0,
    0x0, 0x0, 0x0, 0x0, 0x0, 0x0, 0x0, 0x0,
    0x6f, 0xff, 0xff, 0xff, 0xff, 0xff, 0xff, 0xf0,
    0x6f, 0xff, 0xff, 0xff, 0xff, 0xff, 0xff, 0xf0,
    0x6f, 0xff, 0xff, 0xff, 0xff, 0xff, 0xff, 0xf0,
    0x6f, 0xff, 0x40, 0x0, 0x0, 0x0, 0x0, 0x0,
    0x6f, 0xff, 0x40, 0x0, 0x0, 0x0, 0x0, 0x0,
    0x6f, 0xff, 0x40, 0x0, 0x0, 0x0, 0x0, 0x0,
    0x6f, 0xff, 0x40, 0x0, 0x0, 0x0, 0x0, 0x0,
    0x6f, 0xff, 0x40, 0x0, 0x0, 0x0, 0x0, 0x0,
    0x6f, 0xff, 0xff, 0xff, 0xff, 0xff, 0xfb, 0x0,
    0x6f, 0xff, 0xff, 0xff, 0xff, 0xff, 0xfb, 0x0,
    0x6f, 0xff, 0xff, 0xff, 0xff, 0xff, 0xfb, 0x0,
    0x6f, 0xff, 0x40, 0x0, 0x0, 0x0, 0x0, 0x0,
    0x6f, 0xff, 0x40, 0x0, 0x0, 0x0, 0x0, 0x0,
    0x6f, 0xff, 0x40, 0x0, 0x0, 0x0, 0x0, 0x0,
    0x6f, 0xff, 0x40, 0x0, 0x0, 0x0, 0x0, 0x0,
    0x6f, 0xff, 0x40, 0x0, 0x0, 0x0, 0x0, 0x0,
    0x6f, 0xff, 0xff, 0xff, 0xff, 0xff, 0xff, 0xf5,
    0x6f, 0xff, 0xff, 0xff, 0xff, 0xff, 0xff, 0xf5,
    0x6f, 0xff, 0xff, 0xff, 0xff, 0xff, 0xff, 0xf5,

    /* U+00CA "Ê" */
    0x0, 0x0, 0x4, 0xff, 0xfc, 0x0, 0x0, 0x0,
    0x0, 0x0, 0x3f, 0xff, 0xff, 0xc0, 0x0, 0x0,
    0x0, 0x3, 0xff, 0xf5, 0x9f, 0xfb, 0x0, 0x0,
    0x0, 0x2e, 0xfd, 0x20, 0x6, 0xff, 0xa0, 0x0,
    0x0, 0x0, 0x0, 0x0, 0x0, 0x0, 0x0, 0x0,
    0x0, 0x0, 0x0, 0x0, 0x0, 0x0, 0x0, 0x0,
    0x6f, 0xff, 0xff, 0xff, 0xff, 0xff, 0xff, 0xf0,
    0x6f, 0xff, 0xff, 0xff, 0xff, 0xff, 0xff, 0xf0,
    0x6f, 0xff, 0xff, 0xff, 0xff, 0xff, 0xff, 0xf0,
    0x6f, 0xff, 0x40, 0x0, 0x0, 0x0, 0x0, 0x0,
    0x6f, 0xff, 0x40, 0x0, 0x0, 0x0, 0x0, 0x0,
    0x6f, 0xff, 0x40, 0x0, 0x0, 0x0, 0x0, 0x0,
    0x6f, 0xff, 0x40, 0x0, 0x0, 0x0, 0x0, 0x0,
    0x6f, 0xff, 0x40, 0x0, 0x0, 0x0, 0x0, 0x0,
    0x6f, 0xff, 0xff, 0xff, 0xff, 0xff, 0xfb, 0x0,
    0x6f, 0xff, 0xff, 0xff, 0xff, 0xff, 0xfb, 0x0,
    0x6f, 0xff, 0xff, 0xff, 0xff, 0xff, 0xfb, 0x0,
    0x6f, 0xff, 0x40, 0x0, 0x0, 0x0, 0x0, 0x0,
    0x6f, 0xff, 0x40, 0x0, 0x0, 0x0, 0x0, 0x0,
    0x6f, 0xff, 0x40, 0x0, 0x0, 0x0, 0x0, 0x0,
    0x6f, 0xff, 0x40, 0x0, 0x0, 0x0, 0x0, 0x0,
    0x6f, 0xff, 0x40, 0x0, 0x0, 0x0, 0x0, 0x0,
    0x6f, 0xff, 0xff, 0xff, 0xff, 0xff, 0xff, 0xf5,
    0x6f, 0xff, 0xff, 0xff, 0xff, 0xff, 0xff, 0xf5,
    0x6f, 0xff, 0xff, 0xff, 0xff, 0xff, 0xff, 0xf5,

    /* U+00CB "Ë" */
    0x0, 0x2, 0xde, 0x40, 0x9, 0xfa, 0x0, 0x0,
    0x0, 0x8, 0xff, 0xb0, 0x1f, 0xff, 0x20, 0x0,
    0x0, 0x5, 0xff, 0x80, 0xe, 0xfe, 0x0, 0x0,
    0x0, 0x0, 0x34, 0x0, 0x1, 0x51, 0x0, 0x0,
    0x0, 0x0, 0x0, 0x0, 0x0, 0x0, 0x0, 0x0,
    0x0, 0x0, 0x0, 0x0, 0x0, 0x0, 0x0, 0x0,
    0x6f, 0xff, 0xff, 0xff, 0xff, 0xff, 0xff, 0xf0,
    0x6f, 0xff, 0xff, 0xff, 0xff, 0xff, 0xff, 0xf0,
    0x6f, 0xff, 0xff, 0xff, 0xff, 0xff, 0xff, 0xf0,
    0x6f, 0xff, 0x40, 0x0, 0x0, 0x0, 0x0, 0x0,
    0x6f, 0xff, 0x40, 0x0, 0x0, 0x0, 0x0, 0x0,
    0x6f, 0xff, 0x40, 0x0, 0x0, 0x0, 0x0, 0x0,
    0x6f, 0xff, 0x40, 0x0, 0x0, 0x0, 0x0, 0x0,
    0x6f, 0xff, 0x40, 0x0, 0x0, 0x0, 0x0, 0x0,
    0x6f, 0xff, 0xff, 0xff, 0xff, 0xff, 0xfb, 0x0,
    0x6f, 0xff, 0xff, 0xff, 0xff, 0xff, 0xfb, 0x0,
    0x6f, 0xff, 0xff, 0xff, 0xff, 0xff, 0xfb, 0x0,
    0x6f, 0xff, 0x40, 0x0, 0x0, 0x0, 0x0, 0x0,
    0x6f, 0xff, 0x40, 0x0, 0x0, 0x0, 0x0, 0x0,
    0x6f, 0xff, 0x40, 0x0, 0x0, 0x0, 0x0, 0x0,
    0x6f, 0xff, 0x40, 0x0, 0x0, 0x0, 0x0, 0x0,
    0x6f, 0xff, 0x40, 0x0, 0x0, 0x0, 0x0, 0x0,
    0x6f, 0xff, 0xff, 0xff, 0xff, 0xff, 0xff, 0xf5,
    0x6f, 0xff, 0xff, 0xff, 0xff, 0xff, 0xff, 0xf5,
    0x6f, 0xff, 0xff, 0xff, 0xff, 0xff, 0xff, 0xf5,

    /* U+00CC "Ì" */
    0x7, 0xff, 0xf8, 0x0, 0x0, 0x5, 0xff, 0xf7,
    0x0, 0x0, 0x2, 0xdf, 0xf6, 0x0, 0x0, 0x1,
    0xcf, 0xf5, 0x0, 0x0, 0x0, 0x0, 0x0, 0x0,
    0x0, 0x0, 0x0, 0x0, 0x0, 0x6f, 0xff, 0x40,
    0x0, 0x6, 0xff, 0xf4, 0x0, 0x0, 0x6f, 0xff,
    0x40, 0x0, 0x6, 0xff, 0xf4, 0x0, 0x0, 0x6f,
    0xff, 0x40, 0x0, 0x6, 0xff, 0xf4, 0x0, 0x0,
    0x6f, 0xff, 0x40, 0x0, 0x6, 0xff, 0xf4, 0x0,
    0x0, 0x6f, 0xff, 0x40, 0x0, 0x6, 0xff, 0xf4,
    0x0, 0x0, 0x6f, 0xff, 0x40, 0x0, 0x6, 0xff,
    0xf4, 0x0, 0x0, 0x6f, 0xff, 0x40, 0x0, 0x6,
    0xff, 0xf4, 0x0, 0x0, 0x6f, 0xff, 0x40, 0x0,
    0x6, 0xff, 0xf4, 0x0, 0x0, 0x6f, 0xff, 0x40,
    0x0, 0x6, 0xff, 0xf4, 0x0, 0x0, 0x6f, 0xff,
    0x40,

    /* U+00CD "Í" */
    0x0, 0x9, 0xff, 0xf6, 0x0, 0x8f, 0xfe, 0x30,
    0x7, 0xff, 0xd2, 0x0, 0x6f, 0xfa, 0x0, 0x0,
    0x0, 0x0, 0x0, 0x0, 0x0, 0x0, 0x0, 0x0,
    0x6f, 0xff, 0x40, 0x0, 0x6f, 0xff, 0x40, 0x0,
    0x6f, 0xff, 0x40, 0x0, 0x6f, 0xff, 0x40, 0x0,
    0x6f, 0xff, 0x40, 0x0, 0x6f, 0xff, 0x40, 0x0,
    0x6f, 0xff, 0x40, 0x0, 0x6f, 0xff, 0x40, 0x0,
    0x6f, 0xff, 0x40, 0x0, 0x6f, 0xff, 0x40, 0x0,
    0x6f, 0xff, 0x40, 0x0, 0x6f, 0xff, 0x40, 0x0,
    0x6f, 0xff, 0x40, 0x0, 0x6f, 0xff, 0x40, 0x0,
    0x6f, 0xff, 0x40, 0x0, 0x6f, 0xff, 0x40, 0x0,
    0x6f, 0xff, 0x40, 0x0, 0x6f, 0xff, 0x40, 0x0,
    0x6f, 0xff, 0x40, 0x0,

    /* U+00CE "Î" */
    0x0, 0x9, 0xff, 0xf8, 0x0, 0x0, 0x8, 0xff,
    0xff, 0xf7, 0x0, 0x7, 0xff, 0xc4, 0xdf, 0xf6,
    0x6, 0xff, 0x90, 0x0, 0xaf, 0xf5, 0x0, 0x0,
    0x0, 0x0, 0x0, 0x0, 0x0, 0x0, 0x0, 0x0,
    0x0, 0x0, 0x6, 0xff, 0xf4, 0x0, 0x0, 0x0,
    0x6f, 0xff, 0x40, 0x0, 0x0, 0x6, 0xff, 0xf4,
    0x0, 0x0, 0x0, 0x6f, 0xff, 0x40, 0x0, 0x0,
    0x6, 0xff, 0xf4, 0x0, 0x0, 0x0, 0x6f, 0xff,
    0x40, 0x0, 0x0, 0x6, 0xff, 0xf4, 0x0, 0x0,
    0x0, 0x6f, 0xff, 0x40, 0x0, 0x0, 0x6, 0xff,
    0xf4, 0x0, 0x0, 0x0, 0x6f, 0xff, 0x40, 0x0,
    0x0, 0x6, 0xff, 0xf4, 0x0, 0x0, 0x0, 0x6f,
    0xff, 0x40, 0x0, 0x0, 0x6, 0xff, 0xf4, 0x0,
    0x0, 0x0, 0x6f, 0xff, 0x40, 0x0, 0x0, 0x6,
    0xff, 0xf4, 0x0, 0x0, 0x0, 0x6f, 0xff, 0x40,
    0x0, 0x0, 0x6, 0xff, 0xf4, 0x0, 0x0, 0x0,
    0x6f, 0xff, 0x40, 0x0, 0x0, 0x6, 0xff, 0xf4,
    0x0, 0x0,

    /* U+00CF "Ï" */
    0x6f, 0xc1, 0x1, 0xdf, 0x5e, 0xff, 0x60, 0x7f,
    0xfd, 0xbf, 0xf3, 0x4, 0xff, 0x90, 0x52, 0x0,
    0x3, 0x40, 0x0, 0x0, 0x0, 0x0, 0x0, 0x0,
    0x0, 0x0, 0x0, 0x0, 0x6f, 0xff, 0x40, 0x0,
    0x6, 0xff, 0xf4, 0x0, 0x0, 0x6f, 0xff, 0x40,
    0x0, 0x6, 0xff, 0xf4, 0x0, 0x0, 0x6f, 0xff,
    0x40, 0x0, 0x6, 0xff, 0xf4, 0x0, 0x0, 0x6f,
    0xff, 0x40, 0x0, 0x6, 0xff, 0xf4, 0x0, 0x0,
    0x6f, 0xff, 0x40, 0x0, 0x6, 0xff, 0xf4, 0x0,
    0x0, 0x6f, 0xff, 0x40, 0x0, 0x6, 0xff, 0xf4,
    0x0, 0x0, 0x6f, 0xff, 0x40, 0x0, 0x6, 0xff,
    0xf4, 0x0, 0x0, 0x6f, 0xff, 0x40, 0x0, 0x6,
    0xff, 0xf4, 0x0, 0x0, 0x6f, 0xff, 0x40, 0x0,
    0x6, 0xff, 0xf4, 0x0, 0x0, 0x6f, 0xff, 0x40,
    0x0,

    /* U+00D0 "Ð" */
    0x0, 0x1f, 0xff, 0xff, 0xff, 0xff, 0xfd, 0xb6,
    0x10, 0x0, 0x0, 0x0, 0x1, 0xff, 0xff, 0xff,
    0xff, 0xff, 0xff, 0xff, 0x91, 0x0, 0x0, 0x0,
    0x1f, 0xff, 0xff, 0xff, 0xff, 0xff, 0xff, 0xff,
    0xe3, 0x0, 0x0, 0x1, 0xff, 0xf9, 0x0, 0x0,
    0x2, 0x49, 0xff, 0xff, 0xe2, 0x0, 0x0, 0x1f,
    0xff, 0x80, 0x0, 0x0, 0x0, 0x1, 0xcf, 0xff,
    0xc0, 0x0, 0x1, 0xff, 0xf8, 0x0, 0x0, 0x0,
    0x0, 0x0, 0xcf, 0xff, 0x50, 0x0, 0x1f, 0xff,
    0x80, 0x0, 0x0, 0x0, 0x0, 0x2, 0xff, 0xfb,
    0x0, 0x1, 0xff, 0xf8, 0x0, 0x0, 0x0, 0x0,
    0x0, 0xc, 0xff, 0xf0, 0xdf, 0xff, 0xff, 0xff,
    0xff, 0xfd, 0x0, 0x0, 0x0, 0x9f, 0xff, 0x2d,
    0xff, 0xff, 0xff, 0xff, 0xff, 0xd0, 0x0, 0x0,
    0x7, 0xff, 0xf2, 0x8a, 0xbf, 0xff, 0xda, 0xaa,
    0xa8, 0x0, 0x0, 0x0, 0x9f, 0xff, 0x20, 0x1,
    0xff, 0xf8, 0x0, 0x0, 0x0, 0x0, 0x0, 0xc,
    0xff, 0xf0, 0x0, 0x1f, 0xff, 0x80, 0x0, 0x0,
    0x0, 0x0, 0x2, 0xff, 0xfb, 0x0, 0x1, 0xff,
    0xf8, 0x0, 0x0, 0x0, 0x0, 0x0, 0xcf, 0xff,
    0x50, 0x0, 0x1f, 0xff, 0x80, 0x0, 0x0, 0x0,
    0x1, 0xcf, 0xff, 0xc0, 0x0, 0x1, 0xff, 0xf9,
    0x0, 0x0, 0x1, 0x49, 0xff, 0xff, 0xe2, 0x0,
    0x0, 0x1f, 0xff, 0xff, 0xff, 0xff, 0xff, 0xff,
    0xff, 0xe3, 0x0, 0x0, 0x1, 0xff, 0xff, 0xff,
    0xff, 0xff, 0xff, 0xff, 0x91, 0x0, 0x0, 0x0,
    0x1f, 0xff, 0xff, 0xff, 0xff, 0xfd, 0xb6, 0x10,
    0x0, 0x0, 0x0,

    /* U+00D1 "Ñ" */
    0x0, 0x0, 0x7, 0xef, 0xa1, 0x0, 0x5f, 0xa0,
    0x0, 0x0, 0x0, 0x5, 0xff, 0xff, 0xe4, 0xc,
    0xf7, 0x0, 0x0, 0x0, 0x0, 0xcf, 0xa3, 0xaf,
    0xff, 0xff, 0x20, 0x0, 0x0, 0x0, 0xf, 0xf1,
    0x0, 0x6f, 0xff, 0x60, 0x0, 0x0, 0x0, 0x0,
    0x33, 0x0, 0x0, 0x3, 0x10, 0x0, 0x0, 0x0,
    0x0, 0x0, 0x0, 0x0, 0x0, 0x0, 0x0, 0x0,
    0x0, 0x6f, 0xfe, 0x10, 0x0, 0x0, 0x0, 0x0,
    0x9f, 0xff, 0x6, 0xff, 0xfd, 0x0, 0x0, 0x0,
    0x0, 0x9, 0xff, 0xf0, 0x6f, 0xff, 0xfa, 0x0,
    0x0, 0x0, 0x0, 0x9f, 0xff, 0x6, 0xff, 0xff,
    0xf8, 0x0, 0x0, 0x0, 0x9, 0xff, 0xf0, 0x6f,
    0xff, 0xff, 0xf5, 0x0, 0x0, 0x0, 0x9f, 0xff,
    0x6, 0xff, 0xff, 0xff, 0xf2, 0x0, 0x0, 0x9,
    0xff, 0xf0, 0x6f, 0xff, 0x7f, 0xff, 0xe1, 0x0,
    0x0, 0x9f, 0xff, 0x6, 0xff, 0xf4, 0x5f, 0xff,
    0xc0, 0x0, 0x9, 0xff, 0xf0, 0x6f, 0xff, 0x40,
    0x8f, 0xff, 0x90, 0x0, 0x9f, 0xff, 0x6, 0xff,
    0xf4, 0x0, 0xbf, 0xff, 0x60, 0x9, 0xff, 0xf0,
    0x6f, 0xff, 0x40, 0x1, 0xdf, 0xff, 0x40, 0x9f,
    0xff, 0x6, 0xff, 0xf4, 0x0, 0x2, 0xff, 0xfe,
    0x29, 0xff, 0xf0, 0x6f, 0xff, 0x40, 0x0, 0x4,
    0xff, 0xfd, 0x9f, 0xff, 0x6, 0xff, 0xf4, 0x0,
    0x0, 0x7, 0xff, 0xff, 0xff, 0xf0, 0x6f, 0xff,
    0x40, 0x0, 0x0, 0xa, 0xff, 0xff, 0xff, 0x6,
    0xff, 0xf4, 0x0, 0x0, 0x0, 0xc, 0xff, 0xff,
    0xf0, 0x6f, 0xff, 0x40, 0x0, 0x0, 0x0, 0x1e,
    0xff, 0xff, 0x6, 0xff, 0xf4, 0x0, 0x0, 0x0,
    0x0, 0x3f, 0xff, 0xf0, 0x6f, 0xff, 0x40, 0x0,
    0x0, 0x0, 0x0, 0x5f, 0xff, 0x0,

    /* U+00D2 "Ò" */
    0x0, 0x0, 0x3, 0xdf, 0xfd, 0x10, 0x0, 0x0,
    0x0, 0x0, 0x0, 0x0, 0x0, 0x0, 0x9, 0xff,
    0xd2, 0x0, 0x0, 0x0, 0x0, 0x0, 0x0, 0x0,
    0x0, 0x0, 0x5f, 0xfe, 0x20, 0x0, 0x0, 0x0,
    0x0, 0x0, 0x0, 0x0, 0x0, 0x2, 0x78, 0x60,
    0x0, 0x0, 0x0, 0x0, 0x0, 0x0, 0x0, 0x0,
    0x0, 0x0, 0x0, 0x0, 0x0, 0x0, 0x0, 0x0,
    0x0, 0x0, 0x0, 0x0, 0x0, 0x0, 0x0, 0x0,
    0x0, 0x0, 0x0, 0x0, 0x0, 0x39, 0xce, 0xff,
    0xeb, 0x71, 0x0, 0x0, 0x0, 0x0, 0x0, 0x4c,
    0xff, 0xff, 0xff, 0xff, 0xff, 0x91, 0x0, 0x0,
    0x0, 0x8, 0xff, 0xff, 0xff, 0xff, 0xff, 0xff,
    0xfe, 0x30, 0x0, 0x0, 0x8f, 0xff, 0xfd, 0x74,
    0x23, 0x5a, 0xff, 0xff, 0xe2, 0x0, 0x4, 0xff,
    0xff, 0x70, 0x0, 0x0, 0x0, 0x2c, 0xff, 0xfd,
    0x0, 0xd, 0xff, 0xf6, 0x0, 0x0, 0x0, 0x0,
    0x0, 0xcf, 0xff, 0x70, 0x4f, 0xff, 0xa0, 0x0,
    0x0, 0x0, 0x0, 0x0, 0x2f, 0xff, 0xd0, 0x8f,
    0xff, 0x30, 0x0, 0x0, 0x0, 0x0, 0x0, 0xa,
    0xff, 0xf2, 0xbf, 0xff, 0x0, 0x0, 0x0, 0x0,
    0x0, 0x0, 0x6, 0xff, 0xf4, 0xcf, 0xfe, 0x0,
    0x0, 0x0, 0x0, 0x0, 0x0, 0x5, 0xff, 0xf5,
    0xbf, 0xff, 0x0, 0x0, 0x0, 0x0, 0x0, 0x0,
    0x6, 0xff, 0xf4, 0x8f, 0xff, 0x30, 0x0, 0x0,
    0x0, 0x0, 0x0, 0xa, 0xff, 0xf2, 0x4f, 0xff,
    0xa0, 0x0, 0x0, 0x0, 0x0, 0x0, 0x2f, 0xff,
    0xd0, 0xd, 0xff, 0xf6, 0x0, 0x0, 0x0, 0x0,
    0x0, 0xcf, 0xff, 0x70, 0x4, 0xff, 0xff, 0x70,
    0x0, 0x0, 0x0, 0x2c, 0xff, 0xfd, 0x0, 0x0,
    0x8f, 0xff, 0xfd, 0x74, 0x23, 0x5a, 0xff, 0xff,
    0xf2, 0x0, 0x0, 0x8, 0xff, 0xff, 0xff, 0xff,
    0xff, 0xff, 0xfe, 0x30, 0x0, 0x0, 0x0, 0x4c,
    0xff, 0xff, 0xff, 0xff, 0xff, 0x91, 0x0, 0x0,
    0x0, 0x0, 0x0, 0x39, 0xce, 0xff, 0xeb, 0x71,
    0x0, 0x0, 0x0,

    /* U+00D3 "Ó" */
    0x0, 0x0, 0x0, 0x0, 0x0, 0x5, 0xff, 0xf9,
    0x0, 0x0, 0x0, 0x0, 0x0, 0x0, 0x0, 0x0,
    0x6f, 0xfe, 0x50, 0x0, 0x0, 0x0, 0x0, 0x0,
    0x0, 0x0, 0x7, 0xff, 0xb1, 0x0, 0x0, 0x0,
    0x0, 0x0, 0x0, 0x0, 0x0, 0x28, 0x86, 0x0,
    0x0, 0x0, 0x0, 0x0, 0x0, 0x0, 0x0, 0x0,
    0x0, 0x0, 0x0, 0x0, 0x0, 0x0, 0x0, 0x0,
    0x0, 0x0, 0x0, 0x0, 0x0, 0x0, 0x0, 0x0,
    0x0, 0x0, 0x0, 0x0, 0x0, 0x39, 0xce, 0xff,
    0xeb, 0x71, 0x0, 0x0, 0x0, 0x0, 0x0, 0x4c,
    0xff, 0xff, 0xff, 0xff, 0xff, 0x91, 0x0, 0x0,
    0x0, 0x8, 0xff, 0xff, 0xff, 0xff, 0xff, 0xff,
    0xfe, 0x30, 0x0, 0x0, 0x8f, 0xff, 0xfd, 0x74,
    0x23, 0x5a, 0xff, 0xff, 0xe2, 0x0, 0x4, 0xff,
    0xff, 0x70, 0x0, 0x0, 0x0, 0x2c, 0xff, 0xfd,
    0x0, 0xd, 0xff, 0xf6, 0x0, 0x0, 0x0, 0x0,
    0x0, 0xcf, 0xff, 0x70, 0x4f, 0xff, 0xa0, 0x0,
    0x0, 0x0, 0x0, 0x0, 0x2f, 0xff, 0xd0, 0x8f,
    0xff, 0x30, 0x0, 0x0, 0x0, 0x0, 0x0, 0xa,
    0xff, 0xf2, 0xbf, 0xff, 0x0, 0x0, 0x0, 0x0,
    0x0, 0x0, 0x6, 0xff, 0xf4, 0xcf, 0xfe, 0x0,
    0x0, 0x0, 0x0, 0x0, 0x0, 0x5, 0xff, 0xf5,
    0xbf, 0xff, 0x0, 0x0, 0x0, 0x0, 0x0, 0x0,
    0x6, 0xff, 0xf4, 0x8f, 0xff, 0x30, 0x0, 0x0,
    0x0, 0x0, 0x0, 0xa, 0xff, 0xf2, 0x4f, 0xff,
    0xa0, 0x0, 0x0, 0x0, 0x0, 0x0, 0x2f, 0xff,
    0xd0, 0xd, 0xff, 0xf6, 0x0, 0x0, 0x0, 0x0,
    0x0, 0xcf, 0xff, 0x70, 0x4, 0xff, 0xff, 0x70,
    0x0, 0x0, 0x0, 0x2c, 0xff, 0xfd, 0x0, 0x0,
    0x8f, 0xff, 0xfd, 0x74, 0x23, 0x5a, 0xff, 0xff,
    0xf2, 0x0, 0x0, 0x8, 0xff, 0xff, 0xff, 0xff,
    0xff, 0xff, 0xfe, 0x30, 0x0, 0x0, 0x0, 0x4c,
    0xff, 0xff, 0xff, 0xff, 0xff, 0x91, 0x0, 0x0,
    0x0, 0x0, 0x0, 0x39, 0xce, 0xff, 0xeb, 0x71,
    0x0, 0x0, 0x0,

    /* U+00D4 "Ô" */
    0x0, 0x0, 0x0, 0x0, 0x5f, 0xff, 0xd1, 0x0,
    0x0, 0x0, 0x0, 0x0, 0x0, 0x0, 0x6, 0xff,
    0xcf, 0xfd, 0x20, 0x0, 0x0, 0x0, 0x0, 0x0,
    0x0, 0x7f, 0xf9, 0x2, 0xdf, 0xe2, 0x0, 0x0,
    0x0, 0x0, 0x0, 0x2, 0x88, 0x50, 0x0, 0x7,
    0x86, 0x0, 0x0, 0x0, 0x0, 0x0, 0x0, 0x0,
    0x0, 0x0, 0x0, 0x0, 0x0, 0x0, 0x0, 0x0,
    0x0, 0x0, 0x0, 0x0, 0x0, 0x0, 0x0, 0x0,
    0x0, 0x0, 0x0, 0x0, 0x0, 0x39, 0xce, 0xff,
    0xeb, 0x71, 0x0, 0x0, 0x0, 0x0, 0x0, 0x4c,
    0xff, 0xff, 0xff, 0xff, 0xff, 0x91, 0x0, 0x0,
    0x0, 0x8, 0xff, 0xff, 0xff, 0xff, 0xff, 0xff,
    0xfe, 0x30, 0x0, 0x0, 0x8f, 0xff, 0xfd, 0x74,
    0x23, 0x5a, 0xff, 0xff, 0xe2, 0x0, 0x4, 0xff,
    0xff, 0x70, 0x0, 0x0, 0x0, 0x2c, 0xff, 0xfd,
    0x0, 0xd, 0xff, 0xf6, 0x0, 0x0, 0x0, 0x0,
    0x0, 0xcf, 0xff, 0x70, 0x4f, 0xff, 0xa0, 0x0,
    0x0, 0x0, 0x0, 0x0, 0x2f, 0xff, 0xd0, 0x8f,
    0xff, 0x30, 0x0, 0x0, 0x0, 0x0, 0x0, 0xa,
    0xff, 0xf2, 0xbf, 0xff, 0x0, 0x0, 0x0, 0x0,
    0x0, 0x0, 0x6, 0xff, 0xf4, 0xcf, 0xfe, 0x0,
    0x0, 0x0, 0x0, 0x0, 0x0, 0x5, 0xff, 0xf5,
    0xbf, 0xff, 0x0, 0x0, 0x0, 0x0, 0x0, 0x0,
    0x6, 0xff, 0xf4, 0x8f, 0xff, 0x30, 0x0, 0x0,
    0x0, 0x0, 0x0, 0xa, 0xff, 0xf2, 0x4f, 0xff,
    0xa0, 0x0, 0x0, 0x0, 0x0, 0x0, 0x2f, 0xff,
    0xd0, 0xd, 0xff, 0xf6, 0x0, 0x0, 0x0, 0x0,
    0x0, 0xcf, 0xff, 0x70, 0x4, 0xff, 0xff, 0x70,
    0x0, 0x0, 0x0, 0x2c, 0xff, 0xfd, 0x0, 0x0,
    0x8f, 0xff, 0xfd, 0x74, 0x23, 0x5a, 0xff, 0xff,
    0xf2, 0x0, 0x0, 0x8, 0xff, 0xff, 0xff, 0xff,
    0xff, 0xff, 0xfe, 0x30, 0x0, 0x0, 0x0, 0x4c,
    0xff, 0xff, 0xff, 0xff, 0xff, 0x91, 0x0, 0x0,
    0x0, 0x0, 0x0, 0x39, 0xce, 0xff, 0xeb, 0x71,
    0x0, 0x0, 0x0,

    /* U+00D5 "Õ" */
    0x0, 0x0, 0x0, 0x0, 0x20, 0x0, 0x0, 0x22,
    0x0, 0x0, 0x0, 0x0, 0x0, 0x0, 0x4e, 0xff,
    0x80, 0x0, 0xff, 0x10, 0x0, 0x0, 0x0, 0x0,
    0x1, 0xef, 0xff, 0xfc, 0x48, 0xfe, 0x0, 0x0,
    0x0, 0x0, 0x0, 0x6, 0xfd, 0x13, 0xdf, 0xff,
    0xf7, 0x0, 0x0, 0x0, 0x0, 0x0, 0x9, 0xf7,
    0x0, 0x9, 0xff, 0x80, 0x0, 0x0, 0x0, 0x0,
    0x0, 0x0, 0x0, 0x0, 0x0, 0x0, 0x0, 0x0,
    0x0, 0x0, 0x0, 0x0, 0x0, 0x0, 0x0, 0x0,
    0x0, 0x0, 0x0, 0x0, 0x0, 0x0, 0x0, 0x0,
    0x39, 0xce, 0xff, 0xeb, 0x71, 0x0, 0x0, 0x0,
    0x0, 0x0, 0x4c, 0xff, 0xff, 0xff, 0xff, 0xff,
    0x91, 0x0, 0x0, 0x0, 0x8, 0xff, 0xff, 0xff,
    0xff, 0xff, 0xff, 0xfe, 0x30, 0x0, 0x0, 0x8f,
    0xff, 0xfd, 0x74, 0x23, 0x5a, 0xff, 0xff, 0xe2,
    0x0, 0x4, 0xff, 0xff, 0x70, 0x0, 0x0, 0x0,
    0x2c, 0xff, 0xfd, 0x0, 0xd, 0xff, 0xf6, 0x0,
    0x0, 0x0, 0x0, 0x0, 0xcf, 0xff, 0x70, 0x4f,
    0xff, 0xa0, 0x0, 0x0, 0x0, 0x0, 0x0, 0x2f,
    0xff, 0xd0, 0x8f, 0xff, 0x30, 0x0, 0x0, 0x0,
    0x0, 0x0, 0xa, 0xff, 0xf2, 0xbf, 0xff, 0x0,
    0x0, 0x0, 0x0, 0x0, 0x0, 0x6, 0xff, 0xf4,
    0xcf, 0xfe, 0x0, 0x0, 0x0, 0x0, 0x0, 0x0,
    0x5, 0xff, 0xf5, 0xbf, 0xff, 0x0, 0x0, 0x0,
    0x0, 0x0, 0x0, 0x6, 0xff, 0xf4, 0x8f, 0xff,
    0x30, 0x0, 0x0, 0x0, 0x0, 0x0, 0xa, 0xff,
    0xf2, 0x4f, 0xff, 0xa0, 0x0, 0x0, 0x0, 0x0,
    0x0, 0x2f, 0xff, 0xd0, 0xd, 0xff, 0xf6, 0x0,
    0x0, 0x0, 0x0, 0x0, 0xcf, 0xff, 0x70, 0x4,
    0xff, 0xff, 0x70, 0x0, 0x0, 0x0, 0x2c, 0xff,
    0xfd, 0x0, 0x0, 0x8f, 0xff, 0xfd, 0x74, 0x23,
    0x5a, 0xff, 0xff, 0xf2, 0x0, 0x0, 0x8, 0xff,
    0xff, 0xff, 0xff, 0xff, 0xff, 0xfe, 0x30, 0x0,
    0x0, 0x0, 0x4c, 0xff, 0xff, 0xff, 0xff, 0xff,
    0x91, 0x0, 0x0, 0x0, 0x0, 0x0, 0x39, 0xce,
    0xff, 0xeb, 0x71, 0x0, 0x0, 0x0,

    /* U+00D6 "Ö" */
    0x0, 0x0, 0x0, 0x2d, 0xe4, 0x0, 0x9f, 0xa0,
    0x0, 0x0, 0x0, 0x0, 0x0, 0x0, 0x9f, 0xfb,
    0x2, 0xff, 0xf2, 0x0, 0x0, 0x0, 0x0, 0x0,
    0x0, 0x6f, 0xf8, 0x0, 0xef, 0xe0, 0x0, 0x0,
    0x0, 0x0, 0x0, 0x0, 0x3, 0x40, 0x0, 0x15,
    0x10, 0x0, 0x0, 0x0, 0x0, 0x0, 0x0, 0x0,
    0x0, 0x0, 0x0, 0x0, 0x0, 0x0, 0x0, 0x0,
    0x0, 0x0, 0x0, 0x0, 0x0, 0x0, 0x0, 0x0,
    0x0, 0x0, 0x0, 0x0, 0x0, 0x39, 0xce, 0xff,
    0xeb, 0x71, 0x0, 0x0, 0x0, 0x0, 0x0, 0x4c,
    0xff, 0xff, 0xff, 0xff, 0xff, 0x91, 0x0, 0x0,
    0x0, 0x8, 0xff, 0xff, 0xff, 0xff, 0xff, 0xff,
    0xfe, 0x30, 0x0, 0x0, 0x8f, 0xff, 0xfd, 0x74,
    0x23, 0x5a, 0xff, 0xff, 0xe2, 0x0, 0x4, 0xff,
    0xff, 0x70, 0x0, 0x0, 0x0, 0x2c, 0xff, 0xfd,
    0x0, 0xd, 0xff, 0xf6, 0x0, 0x0, 0x0, 0x0,
    0x0, 0xcf, 0xff, 0x70, 0x4f, 0xff, 0xa0, 0x0,
    0x0, 0x0, 0x0, 0x0, 0x2f, 0xff, 0xd0, 0x8f,
    0xff, 0x30, 0x0, 0x0, 0x0, 0x0, 0x0, 0xa,
    0xff, 0xf2, 0xbf, 0xff, 0x0, 0x0, 0x0, 0x0,
    0x0, 0x0, 0x6, 0xff, 0xf4, 0xcf, 0xfe, 0x0,
    0x0, 0x0, 0x0, 0x0, 0x0, 0x5, 0xff, 0xf5,
    0xbf, 0xff, 0x0, 0x0, 0x0, 0x0, 0x0, 0x0,
    0x6, 0xff, 0xf4, 0x8f, 0xff, 0x30, 0x0, 0x0,
    0x0, 0x0, 0x0, 0xa, 0xff, 0xf2, 0x4f, 0xff,
    0xa0, 0x0, 0x0, 0x0, 0x0, 0x0, 0x2f, 0xff,
    0xd0, 0xd, 0xff, 0xf6, 0x0, 0x0, 0x0, 0x0,
    0x0, 0xcf, 0xff, 0x70, 0x4, 0xff, 0xff, 0x70,
    0x0, 0x0, 0x0, 0x2c, 0xff, 0xfd, 0x0, 0x0,
    0x8f, 0xff, 0xfd, 0x74, 0x23, 0x5a, 0xff, 0xff,
    0xf2, 0x0, 0x0, 0x8, 0xff, 0xff, 0xff, 0xff,
    0xff, 0xff, 0xfe, 0x30, 0x0, 0x0, 0x0, 0x4c,
    0xff, 0xff, 0xff, 0xff, 0xff, 0x91, 0x0, 0x0,
    0x0, 0x0, 0x0, 0x39, 0xce, 0xff, 0xeb, 0x71,
    0x0, 0x0, 0x0,

    /* U+00D8 "Ø" */
    0x0, 0x0, 0x0, 0x0, 0x0, 0x0, 0x0, 0x2,
    0x88, 0x40, 0x0, 0x0, 0x0, 0x0, 0x0, 0x0,
    0x0, 0x0, 0xb, 0xff, 0x20, 0x0, 0x0, 0x0,
    0x0, 0x0, 0x0, 0x0, 0x0, 0x4f, 0xf8, 0x0,
    0x0, 0x0, 0x0, 0x0, 0x39, 0xce, 0xff, 0xeb,
    0xdf, 0xe0, 0x0, 0x0, 0x0, 0x0, 0x4c, 0xff,
    0xff, 0xff, 0xff, 0xff, 0xc1, 0x0, 0x0, 0x0,
    0x8, 0xff, 0xff, 0xff, 0xff, 0xff, 0xff, 0xfe,
    0x30, 0x0, 0x0, 0x8f, 0xff, 0xfd, 0x74, 0x23,
    0xbf, 0xff, 0xff, 0xe2, 0x0, 0x4, 0xff, 0xff,
    0x70, 0x0, 0x1, 0xff, 0xcc, 0xff, 0xfd, 0x0,
    0xd, 0xff, 0xf6, 0x0, 0x0, 0xa, 0xff, 0x30,
    0xcf, 0xff, 0x70, 0x4f, 0xff, 0xa0, 0x0, 0x0,
    0x3f, 0xfa, 0x0, 0x2f, 0xff, 0xd0, 0x8f, 0xff,
    0x30, 0x0, 0x0, 0xbf, 0xf1, 0x0, 0xa, 0xff,
    0xf2, 0xbf, 0xff, 0x0, 0x0, 0x4, 0xff, 0x80,
    0x0, 0x6, 0xff, 0xf4, 0xcf, 0xfe, 0x0, 0x0,
    0xd, 0xfe, 0x0, 0x0, 0x5, 0xff, 0xf5, 0xbf,
    0xff, 0x0, 0x0, 0x6f, 0xf6, 0x0, 0x0, 0x6,
    0xff, 0xf4, 0x8f, 0xff, 0x30, 0x1, 0xef, 0xd0,
    0x0, 0x0, 0xa, 0xff, 0xf2, 0x4f, 0xff, 0xa0,
    0x8, 0xff, 0x40, 0x0, 0x0, 0x2f, 0xff, 0xd0,
    0xd, 0xff, 0xf6, 0x2f, 0xfb, 0x0, 0x0, 0x0,
    0xcf, 0xff, 0x70, 0x4, 0xff, 0xff, 0xdf, 0xf2,
    0x0, 0x0, 0x2c, 0xff, 0xfd, 0x0, 0x0, 0x8f,
    0xff, 0xff, 0xd4, 0x23, 0x5a, 0xff, 0xff, 0xf2,
    0x0, 0x0, 0x8, 0xff, 0xff, 0xff, 0xff, 0xff,
    0xff, 0xfe, 0x30, 0x0, 0x0, 0x0, 0x8f, 0xff,
    0xff, 0xff, 0xff, 0xff, 0x91, 0x0, 0x0, 0x0,
    0x0, 0xef, 0xe9, 0xce, 0xff, 0xeb, 0x71, 0x0,
    0x0, 0x0, 0x0, 0x7, 0xff, 0x50, 0x0, 0x0,
    0x0, 0x0, 0x0, 0x0, 0x0, 0x0, 0x7, 0x87,
    0x0, 0x0, 0x0, 0x0, 0x0, 0x0, 0x0, 0x0,

    /* U+00D9 "Ù" */
    0x0, 0x1, 0xaf, 0xff, 0x40, 0x0, 0x0, 0x0,
    0x0, 0x0, 0x0, 0x6, 0xff, 0xf4, 0x0, 0x0,
    0x0, 0x0, 0x0, 0x0, 0x0, 0x2d, 0xff, 0x60,
    0x0, 0x0, 0x0, 0x0, 0x0, 0x0, 0x0, 0x78,
    0x71, 0x0, 0x0, 0x0, 0x0, 0x0, 0x0, 0x0,
    0x0, 0x0, 0x0, 0x0, 0x0, 0x0, 0x0, 0x0,
    0x0, 0x0, 0x0, 0x0, 0x0, 0x0, 0x8f, 0xff,
    0x10, 0x0, 0x0, 0x0, 0x0, 0xff, 0xfa, 0x8f,
    0xff, 0x10, 0x0, 0x0, 0x0, 0x0, 0xff, 0xfa,
    0x8f, 0xff, 0x10, 0x0, 0x0, 0x0, 0x0, 0xff,
    0xfa, 0x8f, 0xff, 0x10, 0x0, 0x0, 0x0, 0x0,
    0xff, 0xfa, 0x8f, 0xff, 0x10, 0x0, 0x0, 0x0,
    0x0, 0xff, 0xfa, 0x8f, 0xff, 0x10, 0x0, 0x0,
    0x0, 0x0, 0xff, 0xfa, 0x8f, 0xff, 0x10, 0x0,
    0x0, 0x0, 0x0, 0xff, 0xfa, 0x8f, 0xff, 0x10,
    0x0, 0x0, 0x0, 0x0, 0xff, 0xfa, 0x8f, 0xff,
    0x10, 0x0, 0x0, 0x0, 0x0, 0xff, 0xfa, 0x8f,
    0xff, 0x10, 0x0, 0x0, 0x0, 0x0, 0xff, 0xfa,
    0x8f, 0xff, 0x10, 0x0, 0x0, 0x0, 0x0, 0xff,
    0xf9, 0x7f, 0xff, 0x20, 0x0, 0x0, 0x0, 0x0,
    0xff, 0xf9, 0x6f, 0xff, 0x50, 0x0, 0x0, 0x0,
    0x3, 0xff, 0xf7, 0x2f, 0xff, 0xb0, 0x0, 0x0,
    0x0, 0x8, 0xff, 0xf4, 0xd, 0xff, 0xf6, 0x0,
    0x0, 0x0, 0x4f, 0xff, 0xe0, 0x4, 0xff, 0xff,
    0xb5, 0x33, 0x5a, 0xff, 0xff, 0x60, 0x0, 0x8f,
    0xff, 0xff, 0xff, 0xff, 0xff, 0xfa, 0x0, 0x0,
    0x6, 0xff, 0xff, 0xff, 0xff, 0xff, 0x80, 0x0,
    0x0, 0x0, 0x17, 0xbe, 0xff, 0xec, 0x71, 0x0,
    0x0,

    /* U+00DA "Ú" */
    0x0, 0x0, 0x0, 0x0, 0x2, 0xef, 0xfc, 0x20,
    0x0, 0x0, 0x0, 0x0, 0x0, 0x3e, 0xff, 0x80,
    0x0, 0x0, 0x0, 0x0, 0x0, 0x3, 0xff, 0xe4,
    0x0, 0x0, 0x0, 0x0, 0x0, 0x0, 0x7, 0x87,
    0x10, 0x0, 0x0, 0x0, 0x0, 0x0, 0x0, 0x0,
    0x0, 0x0, 0x0, 0x0, 0x0, 0x0, 0x0, 0x0,
    0x0, 0x0, 0x0, 0x0, 0x0, 0x0, 0x8f, 0xff,
    0x10, 0x0, 0x0, 0x0, 0x0, 0xff, 0xfa, 0x8f,
    0xff, 0x10, 0x0, 0x0, 0x0, 0x0, 0xff, 0xfa,
    0x8f, 0xff, 0x10, 0x0, 0x0, 0x0, 0x0, 0xff,
    0xfa, 0x8f, 0xff, 0x10, 0x0, 0x0, 0x0, 0x0,
    0xff, 0xfa, 0x8f, 0xff, 0x10, 0x0, 0x0, 0x0,
    0x0, 0xff, 0xfa, 0x8f, 0xff, 0x10, 0x0, 0x0,
    0x0, 0x0, 0xff, 0xfa, 0x8f, 0xff, 0x10, 0x0,
    0x0, 0x0, 0x0, 0xff, 0xfa, 0x8f, 0xff, 0x10,
    0x0, 0x0, 0x0, 0x0, 0xff, 0xfa, 0x8f, 0xff,
    0x10, 0x0, 0x0, 0x0, 0x0, 0xff, 0xfa, 0x8f,
    0xff, 0x10, 0x0, 0x0, 0x0, 0x0, 0xff, 0xfa,
    0x8f, 0xff, 0x10, 0x0, 0x0, 0x0, 0x0, 0xff,
    0xf9, 0x7f, 0xff, 0x20, 0x0, 0x0, 0x0, 0x0,
    0xff, 0xf9, 0x6f, 0xff, 0x50, 0x0, 0x0, 0x0,
    0x3, 0xff, 0xf7, 0x2f, 0xff, 0xb0, 0x0, 0x0,
    0x0, 0x8, 0xff, 0xf4, 0xd, 0xff, 0xf6, 0x0,
    0x0, 0x0, 0x4f, 0xff, 0xe0, 0x4, 0xff, 0xff,
    0xb5, 0x33, 0x5a, 0xff, 0xff, 0x60, 0x0, 0x8f,
    0xff, 0xff, 0xff, 0xff, 0xff, 0xfa, 0x0, 0x0,
    0x6, 0xff, 0xff, 0xff, 0xff, 0xff, 0x80, 0x0,
    0x0, 0x0, 0x17, 0xbe, 0xff, 0xec, 0x71, 0x0,
    0x0,

    /* U+00DB "Û" */
    0x0, 0x0, 0x0, 0x2e, 0xff, 0xf4, 0x0, 0x0,
    0x0, 0x0, 0x0, 0x3, 0xef, 0xed, 0xff, 0x50,
    0x0, 0x0, 0x0, 0x0, 0x3f, 0xfc, 0x10, 0xaf,
    0xf6, 0x0, 0x0, 0x0, 0x0, 0x78, 0x70, 0x0,
    0x6, 0x87, 0x10, 0x0, 0x0, 0x0, 0x0, 0x0,
    0x0, 0x0, 0x0, 0x0, 0x0, 0x0, 0x0, 0x0,
    0x0, 0x0, 0x0, 0x0, 0x0, 0x0, 0x8f, 0xff,
    0x10, 0x0, 0x0, 0x0, 0x0, 0xff, 0xfa, 0x8f,
    0xff, 0x10, 0x0, 0x0, 0x0, 0x0, 0xff, 0xfa,
    0x8f, 0xff, 0x10, 0x0, 0x0, 0x0, 0x0, 0xff,
    0xfa, 0x8f, 0xff, 0x10, 0x0, 0x0, 0x0, 0x0,
    0xff, 0xfa, 0x8f, 0xff, 0x10, 0x0, 0x0, 0x0,
    0x0, 0xff, 0xfa, 0x8f, 0xff, 0x10, 0x0, 0x0,
    0x0, 0x0, 0xff, 0xfa, 0x8f, 0xff, 0x10, 0x0,
    0x0, 0x0, 0x0, 0xff, 0xfa, 0x8f, 0xff, 0x10,
    0x0, 0x0, 0x0, 0x0, 0xff, 0xfa, 0x8f, 0xff,
    0x10, 0x0, 0x0, 0x0, 0x0, 0xff, 0xfa, 0x8f,
    0xff, 0x10, 0x0, 0x0, 0x0, 0x0, 0xff, 0xfa,
    0x8f, 0xff, 0x10, 0x0, 0x0, 0x0, 0x0, 0xff,
    0xf9, 0x7f, 0xff, 0x20, 0x0, 0x0, 0x0, 0x0,
    0xff, 0xf9, 0x6f, 0xff, 0x50, 0x0, 0x0, 0x0,
    0x3, 0xff, 0xf7, 0x2f, 0xff, 0xb0, 0x0, 0x0,
    0x0, 0x8, 0xff, 0xf4, 0xd, 0xff, 0xf6, 0x0,
    0x0, 0x0, 0x4f, 0xff, 0xe0, 0x4, 0xff, 0xff,
    0xb5, 0x33, 0x5a, 0xff, 0xff, 0x60, 0x0, 0x8f,
    0xff, 0xff, 0xff, 0xff, 0xff, 0xfa, 0x0, 0x0,
    0x6, 0xff, 0xff, 0xff, 0xff, 0xff, 0x80, 0x0,
    0x0, 0x0, 0x17, 0xbe, 0xff, 0xec, 0x71, 0x0,
    0x0,

    /* U+00DC "Ü" */
    0x0, 0x0, 0xb, 0xf8, 0x0, 0x5f, 0xd1, 0x0,
    0x0, 0x0, 0x0, 0x4f, 0xff, 0x0, 0xdf, 0xf7,
    0x0, 0x0, 0x0, 0x0, 0x1f, 0xfd, 0x0, 0xaf,
    0xf4, 0x0, 0x0, 0x0, 0x0, 0x2, 0x50, 0x0,
    0x4, 0x30, 0x0, 0x0, 0x0, 0x0, 0x0, 0x0,
    0x0, 0x0, 0x0, 0x0, 0x0, 0x0, 0x0, 0x0,
    0x0, 0x0, 0x0, 0x0, 0x0, 0x0, 0x8f, 0xff,
    0x10, 0x0, 0x0, 0x0, 0x0, 0xff, 0xfa, 0x8f,
    0xff, 0x10, 0x0, 0x0, 0x0, 0x0, 0xff, 0xfa,
    0x8f, 0xff, 0x10, 0x0, 0x0, 0x0, 0x0, 0xff,
    0xfa, 0x8f, 0xff, 0x10, 0x0, 0x0, 0x0, 0x0,
    0xff, 0xfa, 0x8f, 0xff, 0x10, 0x0, 0x0, 0x0,
    0x0, 0xff, 0xfa, 0x8f, 0xff, 0x10, 0x0, 0x0,
    0x0, 0x0, 0xff, 0xfa, 0x8f, 0xff, 0x10, 0x0,
    0x0, 0x0, 0x0, 0xff, 0xfa, 0x8f, 0xff, 0x10,
    0x0, 0x0, 0x0, 0x0, 0xff, 0xfa, 0x8f, 0xff,
    0x10, 0x0, 0x0, 0x0, 0x0, 0xff, 0xfa, 0x8f,
    0xff, 0x10, 0x0, 0x0, 0x0, 0x0, 0xff, 0xfa,
    0x8f, 0xff, 0x10, 0x0, 0x0, 0x0, 0x0, 0xff,
    0xf9, 0x7f, 0xff, 0x20, 0x0, 0x0, 0x0, 0x0,
    0xff, 0xf9, 0x6f, 0xff, 0x50, 0x0, 0x0, 0x0,
    0x3, 0xff, 0xf7, 0x2f, 0xff, 0xb0, 0x0, 0x0,
    0x0, 0x8, 0xff, 0xf4, 0xd, 0xff, 0xf6, 0x0,
    0x0, 0x0, 0x4f, 0xff, 0xe0, 0x4, 0xff, 0xff,
    0xb5, 0x33, 0x5a, 0xff, 0xff, 0x60, 0x0, 0x8f,
    0xff, 0xff, 0xff, 0xff, 0xff, 0xfa, 0x0, 0x0,
    0x6, 0xff, 0xff, 0xff, 0xff, 0xff, 0x80, 0x0,
    0x0, 0x0, 0x17, 0xbe, 0xff, 0xec, 0x71, 0x0,
    0x0,

    /* U+00DD "Ý" */
    0x0, 0x0, 0x0, 0x0, 0x0, 0x9, 0xdd, 0xd4,
    0x0, 0x0, 0x0, 0x0, 0x0, 0x0, 0x0, 0x8f,
    0xff, 0x40, 0x0, 0x0, 0x0, 0x0, 0x0, 0x0,
    0x7, 0xff, 0xe2, 0x0, 0x0, 0x0, 0x0, 0x0,
    0x0, 0x0, 0x5f, 0xfc, 0x10, 0x0, 0x0, 0x0,
    0x0, 0x0, 0x0, 0x0, 0x44, 0x40, 0x0, 0x0,
    0x0, 0x0, 0x0, 0x0, 0x0, 0x0, 0x0, 0x0,
    0x0, 0x0, 0x0, 0x0, 0xe, 0xff, 0xe0, 0x0,
    0x0, 0x0, 0x0, 0x2, 0xff, 0xf7, 0x5, 0xff,
    0xf9, 0x0, 0x0, 0x0, 0x0, 0xc, 0xff, 0xd0,
    0x0, 0xbf, 0xff, 0x30, 0x0, 0x0, 0x0, 0x6f,
    0xff, 0x30, 0x0, 0x1f, 0xff, 0xc0, 0x0, 0x0,
    0x1, 0xef, 0xf9, 0x0, 0x0, 0x7, 0xff, 0xf7,
    0x0, 0x0, 0xa, 0xff, 0xe0, 0x0, 0x0, 0x0,
    0xdf, 0xff, 0x10, 0x0, 0x4f, 0xff, 0x50, 0x0,
    0x0, 0x0, 0x3f, 0xff, 0xa0, 0x0, 0xdf, 0xfb,
    0x0, 0x0, 0x0, 0x0, 0x9, 0xff, 0xf4, 0x8,
    0xff, 0xf2, 0x0, 0x0, 0x0, 0x0, 0x0, 0xef,
    0xfe, 0x3f, 0xff, 0x70, 0x0, 0x0, 0x0, 0x0,
    0x0, 0x5f, 0xff, 0xff, 0xfd, 0x0, 0x0, 0x0,
    0x0, 0x0, 0x0, 0xb, 0xff, 0xff, 0xf3, 0x0,
    0x0, 0x0, 0x0, 0x0, 0x0, 0x1, 0xff, 0xff,
    0x90, 0x0, 0x0, 0x0, 0x0, 0x0, 0x0, 0x0,
    0x9f, 0xff, 0x20, 0x0, 0x0, 0x0, 0x0, 0x0,
    0x0, 0x0, 0x8f, 0xff, 0x10, 0x0, 0x0, 0x0,
    0x0, 0x0, 0x0, 0x0, 0x8f, 0xff, 0x10, 0x0,
    0x0, 0x0, 0x0, 0x0, 0x0, 0x0, 0x8f, 0xff,
    0x10, 0x0, 0x0, 0x0, 0x0, 0x0, 0x0, 0x0,
    0x8f, 0xff, 0x10, 0x0, 0x0, 0x0, 0x0, 0x0,
    0x0, 0x0, 0x8f, 0xff, 0x10, 0x0, 0x0, 0x0,
    0x0, 0x0, 0x0, 0x0, 0x8f, 0xff, 0x10, 0x0,
    0x0, 0x0,

    /* U+00DE "Þ" */
    0x6f, 0xff, 0x40, 0x0, 0x0, 0x0, 0x0, 0x0,
    0x0, 0x6f, 0xff, 0x40, 0x0, 0x0, 0x0, 0x0,
    0x0, 0x0, 0x6f, 0xff, 0xff, 0xff, 0xff, 0xeb,
    0x71, 0x0, 0x0, 0x6f, 0xff, 0xff, 0xff, 0xff,
    0xff, 0xff, 0x60, 0x0, 0x6f, 0xff, 0xff, 0xff,
    0xff, 0xff, 0xff, 0xf7, 0x0, 0x6f, 0xff, 0x40,
    0x0, 0x0, 0x39, 0xff, 0xff, 0x30, 0x6f, 0xff,
    0x40, 0x0, 0x0, 0x0, 0x6f, 0xff, 0xa0, 0x6f,
    0xff, 0x40, 0x0, 0x0, 0x0, 0xd, 0xff, 0xe0,
    0x6f, 0xff, 0x40, 0x0, 0x0, 0x0, 0xa, 0xff,
    0xf0, 0x6f, 0xff, 0x40, 0x0, 0x0, 0x0, 0xa,
    0xff, 0xf0, 0x6f, 0xff, 0x40, 0x0, 0x0, 0x0,
    0xe, 0xff, 0xe0, 0x6f, 0xff, 0x40, 0x0, 0x0,
    0x0, 0x7f, 0xff, 0x90, 0x6f, 0xff, 0x51, 0x11,
    0x11, 0x4a, 0xff, 0xff, 0x20, 0x6f, 0xff, 0xff,
    0xff, 0xff, 0xff, 0xff, 0xf6, 0x0, 0x6f, 0xff,
    0xff, 0xff, 0xff, 0xff, 0xfe, 0x50, 0x0, 0x6f,
    0xff, 0xff, 0xff, 0xff, 0xeb, 0x60, 0x0, 0x0,
    0x6f, 0xff, 0x40, 0x0, 0x0, 0x0, 0x0, 0x0,
    0x0, 0x6f, 0xff, 0x40, 0x0, 0x0, 0x0, 0x0,
    0x0, 0x0, 0x6f, 0xff, 0x40, 0x0, 0x0, 0x0,
    0x0, 0x0, 0x0,

    /* U+00DF "ß" */
    0x0, 0x0, 0x7b, 0xef, 0xfd, 0x82, 0x0, 0x0,
    0x0, 0x4, 0xef, 0xff, 0xff, 0xff, 0xf6, 0x0,
    0x0, 0x3, 0xff, 0xff, 0xff, 0xff, 0xff, 0xf6,
    0x0, 0x0, 0xdf, 0xff, 0x71, 0x0, 0x5e, 0xff,
    0xe0, 0x0, 0x4f, 0xff, 0x60, 0x0, 0x0, 0x4f,
    0xff, 0x40, 0x8, 0xff, 0xf0, 0x0, 0x0, 0x0,
    0xff, 0xf6, 0x0, 0xaf, 0xfd, 0x0, 0x0, 0x0,
    0xf, 0xff, 0x50, 0xb, 0xff, 0xc0, 0x0, 0x0,
    0x6, 0xff, 0xf1, 0x0, 0xbf, 0xfc, 0x0, 0x0,
    0x7, 0xff, 0xf8, 0x0, 0xb, 0xff, 0xc0, 0x0,
    0xdf, 0xff, 0xfa, 0x0, 0x0, 0xbf, 0xfc, 0x0,
    0xe, 0xff, 0xff, 0xe7, 0x0, 0xb, 0xff, 0xc0,
    0x0, 0xef, 0xff, 0xff, 0xfb, 0x0, 0xbf, 0xfc,
    0x0, 0x0, 0x1, 0x4c, 0xff, 0xf8, 0xb, 0xff,
    0xc0, 0x0, 0x0, 0x0, 0xc, 0xff, 0xe0, 0xbf,
    0xfc, 0x0, 0x0, 0x0, 0x0, 0x7f, 0xff, 0x1b,
    0xff, 0xc0, 0x0, 0x0, 0x0, 0x7, 0xff, 0xf1,
    0xbf, 0xfc, 0x0, 0x0, 0x0, 0x0, 0xcf, 0xff,
    0xb, 0xff, 0xc0, 0x2, 0x0, 0x2, 0xaf, 0xff,
    0xa0, 0xbf, 0xfc, 0x0, 0xbf, 0xff, 0xff, 0xff,
    0xf2, 0xb, 0xff, 0xc0, 0xe, 0xff, 0xff, 0xff,
    0xe3, 0x0, 0xbf, 0xfc, 0x0, 0xbe, 0xff, 0xeb,
    0x60, 0x0, 0x0,

    /* U+00E0 "à" */
    0x0, 0x68, 0x87, 0x10, 0x0, 0x0, 0x0, 0x0,
    0x1b, 0xff, 0xd1, 0x0, 0x0, 0x0, 0x0, 0x0,
    0x7f, 0xfe, 0x20, 0x0, 0x0, 0x0, 0x0, 0x3,
    0xdf, 0xe3, 0x0, 0x0, 0x0, 0x0, 0x0, 0x0,
    0x0, 0x0, 0x0, 0x0, 0x0, 0x0, 0x0, 0x0,
    0x0, 0x0, 0x0, 0x28, 0xce, 0xff, 0xeb, 0x60,
    0x0, 0x1b, 0xff, 0xff, 0xff, 0xff, 0xfd, 0x10,
    0xe, 0xff, 0xff, 0xef, 0xff, 0xff, 0xd0, 0x5,
    0xe7, 0x20, 0x0, 0x3d, 0xff, 0xf5, 0x0, 0x0,
    0x0, 0x0, 0x1, 0xff, 0xfa, 0x0, 0x0, 0x0,
    0x0, 0x0, 0xbf, 0xfc, 0x0, 0x4a, 0xdf, 0xff,
    0xff, 0xff, 0xfd, 0x9, 0xff, 0xff, 0xff, 0xff,
    0xff, 0xfd, 0x4f, 0xff, 0xc6, 0x44, 0x44, 0xcf,
    0xfd, 0xaf, 0xfe, 0x0, 0x0, 0x0, 0xbf, 0xfd,
    0xcf, 0xfb, 0x0, 0x0, 0x0, 0xdf, 0xfd, 0xaf,
    0xfe, 0x10, 0x0, 0x8, 0xff, 0xfd, 0x4f, 0xff,
    0xd7, 0x57, 0xcf, 0xff, 0xfd, 0x7, 0xff, 0xff,
    0xff, 0xff, 0xbf, 0xfd, 0x0, 0x3a, 0xef, 0xfd,
    0x91, 0x7f, 0xfd,

    /* U+00E1 "á" */
    0x0, 0x0, 0x0, 0x0, 0x48, 0x88, 0x40, 0x0,
    0x0, 0x0, 0x5, 0xff, 0xf7, 0x0, 0x0, 0x0,
    0x0, 0x6f, 0xfd, 0x30, 0x0, 0x0, 0x0, 0x7,
    0xff, 0xa0, 0x0, 0x0, 0x0, 0x0, 0x0, 0x0,
    0x0, 0x0, 0x0, 0x0, 0x0, 0x0, 0x0, 0x0,
    0x0, 0x0, 0x0, 0x28, 0xce, 0xff, 0xeb, 0x60,
    0x0, 0x1b, 0xff, 0xff, 0xff, 0xff, 0xfd, 0x10,
    0xe, 0xff, 0xff, 0xef, 0xff, 0xff, 0xd0, 0x5,
    0xe7, 0x20, 0x0, 0x3d, 0xff, 0xf5, 0x0, 0x0,
    0x0, 0x0, 0x1, 0xff, 0xfa, 0x0, 0x0, 0x0,
    0x0, 0x0, 0xbf, 0xfc, 0x0, 0x4a, 0xdf, 0xff,
    0xff, 0xff, 0xfd, 0x9, 0xff, 0xff, 0xff, 0xff,
    0xff, 0xfd, 0x4f, 0xff, 0xc6, 0x44, 0x44, 0xcf,
    0xfd, 0xaf, 0xfe, 0x0, 0x0, 0x0, 0xbf, 0xfd,
    0xcf, 0xfb, 0x0, 0x0, 0x0, 0xdf, 0xfd, 0xaf,
    0xfe, 0x10, 0x0, 0x8, 0xff, 0xfd, 0x4f, 0xff,
    0xd7, 0x57, 0xcf, 0xff, 0xfd, 0x7, 0xff, 0xff,
    0xff, 0xff, 0xbf, 0xfd, 0x0, 0x3a, 0xef, 0xfd,
    0x91, 0x7f, 0xfd,

    /* U+00E2 "â" */
    0x0, 0x0, 0x4, 0x88, 0x71, 0x0, 0x0, 0x0,
    0x0, 0x5f, 0xff, 0xfd, 0x10, 0x0, 0x0, 0x6,
    0xff, 0xb4, 0xef, 0xe2, 0x0, 0x0, 0x7f, 0xf7,
    0x0, 0x1c, 0xfe, 0x30, 0x0, 0x0, 0x0, 0x0,
    0x0, 0x0, 0x0, 0x0, 0x0, 0x0, 0x0, 0x0,
    0x0, 0x0, 0x0, 0x28, 0xce, 0xff, 0xeb, 0x60,
    0x0, 0x1b, 0xff, 0xff, 0xff, 0xff, 0xfd, 0x10,
    0xe, 0xff, 0xff, 0xef, 0xff, 0xff, 0xd0, 0x5,
    0xe7, 0x20, 0x0, 0x3d, 0xff, 0xf5, 0x0, 0x0,
    0x0, 0x0, 0x1, 0xff, 0xfa, 0x0, 0x0, 0x0,
    0x0, 0x0, 0xbf, 0xfc, 0x0, 0x4a, 0xdf, 0xff,
    0xff, 0xff, 0xfd, 0x9, 0xff, 0xff, 0xff, 0xff,
    0xff, 0xfd, 0x4f, 0xff, 0xc6, 0x44, 0x44, 0xcf,
    0xfd, 0xaf, 0xfe, 0x0, 0x0, 0x0, 0xbf, 0xfd,
    0xcf, 0xfb, 0x0, 0x0, 0x0, 0xdf, 0xfd, 0xaf,
    0xfe, 0x10, 0x0, 0x8, 0xff, 0xfd, 0x4f, 0xff,
    0xd7, 0x57, 0xcf, 0xff, 0xfd, 0x7, 0xff, 0xff,
    0xff, 0xff, 0xbf, 0xfd, 0x0, 0x3a, 0xef, 0xfd,
    0x91, 0x7f, 0xfd,

    /* U+00E3 "ã" */
    0x0, 0x5, 0xef, 0xb1, 0x0, 0x6b, 0x30, 0x0,
    0x2f, 0xff, 0xfe, 0x31, 0xdf, 0x30, 0x0, 0x8f,
    0xa1, 0x8f, 0xff, 0xfc, 0x0, 0x0, 0xaf, 0x30,
    0x5, 0xef, 0xc2, 0x0, 0x0, 0x0, 0x0, 0x0,
    0x0, 0x0, 0x0, 0x0, 0x0, 0x0, 0x0, 0x0,
    0x0, 0x0, 0x0, 0x28, 0xce, 0xff, 0xeb, 0x60,
    0x0, 0x1b, 0xff, 0xff, 0xff, 0xff, 0xfd, 0x10,
    0xe, 0xff, 0xff, 0xef, 0xff, 0xff, 0xd0, 0x5,
    0xe7, 0x20, 0x0, 0x3d, 0xff, 0xf5, 0x0, 0x0,
    0x0, 0x0, 0x1, 0xff, 0xfa, 0x0, 0x0, 0x0,
    0x0, 0x0, 0xbf, 0xfc, 0x0, 0x4a, 0xdf, 0xff,
    0xff, 0xff, 0xfd, 0x9, 0xff, 0xff, 0xff, 0xff,
    0xff, 0xfd, 0x4f, 0xff, 0xc6, 0x44, 0x44, 0xcf,
    0xfd, 0xaf, 0xfe, 0x0, 0x0, 0x0, 0xbf, 0xfd,
    0xcf, 0xfb, 0x0, 0x0, 0x0, 0xdf, 0xfd, 0xaf,
    0xfe, 0x10, 0x0, 0x8, 0xff, 0xfd, 0x4f, 0xff,
    0xd7, 0x57, 0xcf, 0xff, 0xfd, 0x7, 0xff, 0xff,
    0xff, 0xff, 0xbf, 0xfd, 0x0, 0x3a, 0xef, 0xfd,
    0x91, 0x7f, 0xfd,

    /* U+00E4 "ä" */
    0x0, 0x1, 0x51, 0x0, 0x4, 0x40, 0x0, 0x0,
    0xd, 0xff, 0x10, 0x6f, 0xf7, 0x0, 0x0, 0xf,
    0xff, 0x40, 0x9f, 0xfb, 0x0, 0x0, 0x8, 0xfb,
    0x0, 0x3e, 0xe4, 0x0, 0x0, 0x0, 0x0, 0x0,
    0x0, 0x0, 0x0, 0x0, 0x0, 0x0, 0x0, 0x0,
    0x0, 0x0, 0x0, 0x28, 0xce, 0xff, 0xeb, 0x60,
    0x0, 0x1b, 0xff, 0xff, 0xff, 0xff, 0xfd, 0x10,
    0xe, 0xff, 0xff, 0xef, 0xff, 0xff, 0xd0, 0x5,
    0xe7, 0x20, 0x0, 0x3d, 0xff, 0xf5, 0x0, 0x0,
    0x0, 0x0, 0x1, 0xff, 0xfa, 0x0, 0x0, 0x0,
    0x0, 0x0, 0xbf, 0xfc, 0x0, 0x4a, 0xdf, 0xff,
    0xff, 0xff, 0xfd, 0x9, 0xff, 0xff, 0xff, 0xff,
    0xff, 0xfd, 0x4f, 0xff, 0xc6, 0x44, 0x44, 0xcf,
    0xfd, 0xaf, 0xfe, 0x0, 0x0, 0x0, 0xbf, 0xfd,
    0xcf, 0xfb, 0x0, 0x0, 0x0, 0xdf, 0xfd, 0xaf,
    0xfe, 0x10, 0x0, 0x8, 0xff, 0xfd, 0x4f, 0xff,
    0xd7, 0x57, 0xcf, 0xff, 0xfd, 0x7, 0xff, 0xff,
    0xff, 0xff, 0xbf, 0xfd, 0x0, 0x3a, 0xef, 0xfd,
    0x91, 0x7f, 0xfd,

    /* U+00E5 "å" */
    0x0, 0x0, 0x0, 0x1, 0x0, 0x0, 0x0, 0x0,
    0x0, 0x9, 0xff, 0xe4, 0x0, 0x0, 0x0, 0x0,
    0x8f, 0x85, 0xcf, 0x20, 0x0, 0x0, 0x0, 0xea,
    0x0, 0x1f, 0x70, 0x0, 0x0, 0x0, 0xe9, 0x0,
    0xf, 0x80, 0x0, 0x0, 0x0, 0xaf, 0x52, 0x9f,
    0x30, 0x0, 0x0, 0x0, 0x1b, 0xff, 0xf7, 0x0,
    0x0, 0x0, 0x0, 0x0, 0x34, 0x10, 0x0, 0x0,
    0x0, 0x0, 0x0, 0x0, 0x0, 0x0, 0x0, 0x0,
    0x28, 0xce, 0xff, 0xeb, 0x60, 0x0, 0x1b, 0xff,
    0xff, 0xff, 0xff, 0xfd, 0x10, 0xe, 0xff, 0xff,
    0xef, 0xff, 0xff, 0xd0, 0x5, 0xe7, 0x20, 0x0,
    0x3d, 0xff, 0xf5, 0x0, 0x0, 0x0, 0x0, 0x1,
    0xff, 0xfa, 0x0, 0x0, 0x0, 0x0, 0x0, 0xbf,
    0xfc, 0x0, 0x4a, 0xdf, 0xff, 0xff, 0xff, 0xfd,
    0x9, 0xff, 0xff, 0xff, 0xff, 0xff, 0xfd, 0x4f,
    0xff, 0xc6, 0x44, 0x44, 0xcf, 0xfd, 0xaf, 0xfe,
    0x0, 0x0, 0x0, 0xbf, 0xfd, 0xcf, 0xfb, 0x0,
    0x0, 0x0, 0xdf, 0xfd, 0xaf, 0xfe, 0x10, 0x0,
    0x8, 0xff, 0xfd, 0x4f, 0xff, 0xd7, 0x57, 0xcf,
    0xff, 0xfd, 0x7, 0xff, 0xff, 0xff, 0xff, 0xbf,
    0xfd, 0x0, 0x3a, 0xef, 0xfd, 0x91, 0x7f, 0xfd,

    /* U+00E6 "æ" */
    0x0, 0x28, 0xce, 0xff, 0xeb, 0x50, 0x0, 0x39,
    0xdf, 0xfe, 0xa5, 0x0, 0x0, 0x1b, 0xff, 0xff,
    0xff, 0xff, 0xfc, 0x19, 0xff, 0xff, 0xff, 0xff,
    0xc2, 0x0, 0xe, 0xff, 0xff, 0xef, 0xff, 0xff,
    0xff, 0xff, 0xff, 0xef, 0xff, 0xfe, 0x10, 0x5,
    0xe7, 0x20, 0x0, 0x3c, 0xff, 0xff, 0xfb, 0x30,
    0x1, 0x8f, 0xff, 0xb0, 0x0, 0x0, 0x0, 0x0,
    0x1, 0xff, 0xff, 0xa0, 0x0, 0x0, 0x5, 0xff,
    0xf3, 0x0, 0x0, 0x0, 0x0, 0x0, 0xbf, 0xff,
    0x10, 0x0, 0x0, 0x0, 0xdf, 0xf8, 0x0, 0x3a,
    0xdf, 0xff, 0xff, 0xff, 0xff, 0xff, 0xff, 0xff,
    0xff, 0xff, 0xfb, 0x9, 0xff, 0xff, 0xff, 0xff,
    0xff, 0xff, 0xff, 0xff, 0xff, 0xff, 0xff, 0xfb,
    0x5f, 0xff, 0xc6, 0x44, 0x44, 0xcf, 0xfe, 0x44,
    0x44, 0x44, 0x44, 0x44, 0x43, 0xaf, 0xfd, 0x0,
    0x0, 0x0, 0xbf, 0xff, 0x20, 0x0, 0x0, 0x0,
    0x0, 0x0, 0xcf, 0xfb, 0x0, 0x0, 0x0, 0xef,
    0xff, 0xc0, 0x0, 0x0, 0x0, 0x50, 0x0, 0x9f,
    0xff, 0x20, 0x0, 0x9, 0xff, 0xff, 0xfd, 0x50,
    0x0, 0x3a, 0xfb, 0x0, 0x3f, 0xff, 0xfa, 0x89,
    0xef, 0xfe, 0xaf, 0xff, 0xff, 0xff, 0xff, 0xff,
    0x70, 0x6, 0xff, 0xff, 0xff, 0xff, 0xd2, 0x8,
    0xff, 0xff, 0xff, 0xff, 0xf9, 0x0, 0x0, 0x29,
    0xdf, 0xfe, 0xb6, 0x0, 0x0, 0x28, 0xce, 0xff,
    0xd9, 0x30, 0x0,

    /* U+00E7 "ç" */
    0x0, 0x0, 0x4a, 0xdf, 0xfe, 0xb5, 0x0, 0x0,
    0x1, 0xbf, 0xff, 0xff, 0xff, 0xfc, 0x20, 0x2,
    0xef, 0xff, 0xff, 0xff, 0xff, 0xfd, 0x10, 0xcf,
    0xff, 0xb3, 0x0, 0x2a, 0xff, 0xf4, 0x5f, 0xff,
    0x90, 0x0, 0x0, 0x8, 0x91, 0xb, 0xff, 0xf0,
    0x0, 0x0, 0x0, 0x0, 0x0, 0xef, 0xfb, 0x0,
    0x0, 0x0, 0x0, 0x0, 0xe, 0xff, 0x90, 0x0,
    0x0, 0x0, 0x0, 0x0, 0xdf, 0xfb, 0x0, 0x0,
    0x0, 0x0, 0x0, 0xa, 0xff, 0xf0, 0x0, 0x0,
    0x0, 0x0, 0x0, 0x5f, 0xff, 0x90, 0x0, 0x0,
    0x8, 0x91, 0x0, 0xcf, 0xff, 0xb3, 0x0, 0x3a,
    0xff, 0xf4, 0x2, 0xef, 0xff, 0xff, 0xff, 0xff,
    0xfd, 0x0, 0x1, 0xbf, 0xff, 0xff, 0xff, 0xfc,
    0x10, 0x0, 0x0, 0x4a, 0xef, 0xfe, 0xb5, 0x0,
    0x0, 0x0, 0x0, 0x7, 0xf7, 0x0, 0x0, 0x0,
    0x0, 0x0, 0x0, 0xbf, 0xd8, 0x0, 0x0, 0x0,
    0x0, 0x0, 0x5, 0x7e, 0xf8, 0x0, 0x0, 0x0,
    0x0, 0x0, 0x0, 0xbf, 0xb0, 0x0, 0x0, 0x0,
    0x4, 0xfc, 0xdf, 0xf6, 0x0, 0x0, 0x0, 0x0,
    0x5d, 0xff, 0xc6, 0x0, 0x0, 0x0,

    /* U+00E8 "è" */
    0x0, 0x4f, 0xff, 0xb0, 0x0, 0x0, 0x0, 0x0,
    0x0, 0x2, 0xdf, 0xfa, 0x0, 0x0, 0x0, 0x0,
    0x0, 0x0, 0x1b, 0xff, 0xa0, 0x0, 0x0, 0x0,
    0x0, 0x0, 0x0, 0x9f, 0xf9, 0x0, 0x0, 0x0,
    0x0, 0x0, 0x0, 0x0, 0x0, 0x0, 0x0, 0x0,
    0x0, 0x0, 0x0, 0x0, 0x0, 0x0, 0x0, 0x0,
    0x0, 0x0, 0x5b, 0xef, 0xfd, 0x92, 0x0, 0x0,
    0x0, 0x2d, 0xff, 0xff, 0xff, 0xff, 0x90, 0x0,
    0x2, 0xff, 0xff, 0xfc, 0xdf, 0xff, 0xfa, 0x0,
    0xd, 0xff, 0xf6, 0x0, 0x1, 0x9f, 0xff, 0x50,
    0x5f, 0xff, 0x40, 0x0, 0x0, 0x9, 0xff, 0xd0,
    0xbf, 0xfc, 0x0, 0x0, 0x0, 0x1, 0xff, 0xf2,
    0xdf, 0xff, 0xff, 0xff, 0xff, 0xff, 0xff, 0xf4,
    0xef, 0xff, 0xff, 0xff, 0xff, 0xff, 0xff, 0xf5,
    0xdf, 0xfb, 0x55, 0x55, 0x55, 0x55, 0x55, 0x51,
    0xaf, 0xfd, 0x0, 0x0, 0x0, 0x0, 0x0, 0x0,
    0x5f, 0xff, 0x80, 0x0, 0x0, 0x0, 0x50, 0x0,
    0xc, 0xff, 0xfb, 0x30, 0x0, 0x4c, 0xf6, 0x0,
    0x2, 0xef, 0xff, 0xff, 0xff, 0xff, 0xff, 0x20,
    0x0, 0x1b, 0xff, 0xff, 0xff, 0xff, 0xf6, 0x0,
    0x0, 0x0, 0x49, 0xdf, 0xfe, 0xc7, 0x10, 0x0,

    /* U+00E9 "é" */
    0x0, 0x0, 0x0, 0x0, 0x5f, 0xff, 0x90, 0x0,
    0x0, 0x0, 0x0, 0x4, 0xff, 0xf6, 0x0, 0x0,
    0x0, 0x0, 0x0, 0x4f, 0xfe, 0x40, 0x0, 0x0,
    0x0, 0x0, 0x3, 0xff, 0xd2, 0x0, 0x0, 0x0,
    0x0, 0x0, 0x0, 0x0, 0x0, 0x0, 0x0, 0x0,
    0x0, 0x0, 0x0, 0x0, 0x0, 0x0, 0x0, 0x0,
    0x0, 0x0, 0x5b, 0xef, 0xfd, 0x92, 0x0, 0x0,
    0x0, 0x2d, 0xff, 0xff, 0xff, 0xff, 0x90, 0x0,
    0x2, 0xff, 0xff, 0xfc, 0xdf, 0xff, 0xfa, 0x0,
    0xd, 0xff, 0xf6, 0x0, 0x1, 0x9f, 0xff, 0x50,
    0x5f, 0xff, 0x40, 0x0, 0x0, 0x9, 0xff, 0xd0,
    0xbf, 0xfc, 0x0, 0x0, 0x0, 0x1, 0xff, 0xf2,
    0xdf, 0xff, 0xff, 0xff, 0xff, 0xff, 0xff, 0xf4,
    0xef, 0xff, 0xff, 0xff, 0xff, 0xff, 0xff, 0xf5,
    0xdf, 0xfb, 0x55, 0x55, 0x55, 0x55, 0x55, 0x51,
    0xaf, 0xfd, 0x0, 0x0, 0x0, 0x0, 0x0, 0x0,
    0x5f, 0xff, 0x80, 0x0, 0x0, 0x0, 0x50, 0x0,
    0xc, 0xff, 0xfb, 0x30, 0x0, 0x4c, 0xf6, 0x0,
    0x2, 0xef, 0xff, 0xff, 0xff, 0xff, 0xff, 0x20,
    0x0, 0x1b, 0xff, 0xff, 0xff, 0xff, 0xf6, 0x0,
    0x0, 0x0, 0x49, 0xdf, 0xfe, 0xc7, 0x10, 0x0,

    /* U+00EA "ê" */
    0x0, 0x0, 0x5, 0xff, 0xfb, 0x0, 0x0, 0x0,
    0x0, 0x0, 0x4f, 0xff, 0xff, 0xb0, 0x0, 0x0,
    0x0, 0x4, 0xff, 0xe4, 0xaf, 0xfa, 0x0, 0x0,
    0x0, 0x3f, 0xfc, 0x10, 0x7, 0xff, 0x90, 0x0,
    0x0, 0x0, 0x0, 0x0, 0x0, 0x0, 0x0, 0x0,
    0x0, 0x0, 0x0, 0x0, 0x0, 0x0, 0x0, 0x0,
    0x0, 0x0, 0x5b, 0xef, 0xfd, 0x92, 0x0, 0x0,
    0x0, 0x2d, 0xff, 0xff, 0xff, 0xff, 0x90, 0x0,
    0x2, 0xff, 0xff, 0xfc, 0xdf, 0xff, 0xfa, 0x0,
    0xd, 0xff, 0xf6, 0x0, 0x1, 0x9f, 0xff, 0x50,
    0x5f, 0xff, 0x40, 0x0, 0x0, 0x9, 0xff, 0xd0,
    0xbf, 0xfc, 0x0, 0x0, 0x0, 0x1, 0xff, 0xf2,
    0xdf, 0xff, 0xff, 0xff, 0xff, 0xff, 0xff, 0xf4,
    0xef, 0xff, 0xff, 0xff, 0xff, 0xff, 0xff, 0xf5,
    0xdf, 0xfb, 0x55, 0x55, 0x55, 0x55, 0x55, 0x51,
    0xaf, 0xfd, 0x0, 0x0, 0x0, 0x0, 0x0, 0x0,
    0x5f, 0xff, 0x80, 0x0, 0x0, 0x0, 0x50, 0x0,
    0xc, 0xff, 0xfb, 0x30, 0x0, 0x4c, 0xf6, 0x0,
    0x2, 0xef, 0xff, 0xff, 0xff, 0xff, 0xff, 0x20,
    0x0, 0x1b, 0xff, 0xff, 0xff, 0xff, 0xf6, 0x0,
    0x0, 0x0, 0x49, 0xdf, 0xfe, 0xc7, 0x10, 0x0,

    /* U+00EB "ë" */
    0x0, 0x3, 0xee, 0x30, 0xb, 0xf9, 0x0, 0x0,
    0x0, 0xa, 0xff, 0xa0, 0x3f, 0xff, 0x10, 0x0,
    0x0, 0x7, 0xff, 0x60, 0x1f, 0xfd, 0x0, 0x0,
    0x0, 0x0, 0x44, 0x0, 0x1, 0x51, 0x0, 0x0,
    0x0, 0x0, 0x0, 0x0, 0x0, 0x0, 0x0, 0x0,
    0x0, 0x0, 0x0, 0x0, 0x0, 0x0, 0x0, 0x0,
    0x0, 0x0, 0x5b, 0xef, 0xfd, 0x92, 0x0, 0x0,
    0x0, 0x2d, 0xff, 0xff, 0xff, 0xff, 0x90, 0x0,
    0x2, 0xff, 0xff, 0xfc, 0xdf, 0xff, 0xfa, 0x0,
    0xd, 0xff, 0xf6, 0x0, 0x1, 0x9f, 0xff, 0x50,
    0x5f, 0xff, 0x40, 0x0, 0x0, 0x9, 0xff, 0xd0,
    0xbf, 0xfc, 0x0, 0x0, 0x0, 0x1, 0xff, 0xf2,
    0xdf, 0xff, 0xff, 0xff, 0xff, 0xff, 0xff, 0xf4,
    0xef, 0xff, 0xff, 0xff, 0xff, 0xff, 0xff, 0xf5,
    0xdf, 0xfb, 0x55, 0x55, 0x55, 0x55, 0x55, 0x51,
    0xaf, 0xfd, 0x0, 0x0, 0x0, 0x0, 0x0, 0x0,
    0x5f, 0xff, 0x80, 0x0, 0x0, 0x0, 0x50, 0x0,
    0xc, 0xff, 0xfb, 0x30, 0x0, 0x4c, 0xf6, 0x0,
    0x2, 0xef, 0xff, 0xff, 0xff, 0xff, 0xff, 0x20,
    0x0, 0x1b, 0xff, 0xff, 0xff, 0xff, 0xf6, 0x0,
    0x0, 0x0, 0x49, 0xdf, 0xfe, 0xc7, 0x10, 0x0,

    /* U+00EC "ì" */
    0x17, 0x88, 0x60, 0x0, 0x0, 0x3d, 0xff, 0xa0,
    0x0, 0x0, 0xa, 0xff, 0xb0, 0x0, 0x0, 0x5,
    0xff, 0xc1, 0x0, 0x0, 0x0, 0x0, 0x0, 0x0,
    0x0, 0x0, 0x0, 0x0, 0x0, 0xbf, 0xfc, 0x0,
    0x0, 0xb, 0xff, 0xc0, 0x0, 0x0, 0xbf, 0xfc,
    0x0, 0x0, 0xb, 0xff, 0xc0, 0x0, 0x0, 0xbf,
    0xfc, 0x0, 0x0, 0xb, 0xff, 0xc0, 0x0, 0x0,
    0xbf, 0xfc, 0x0, 0x0, 0xb, 0xff, 0xc0, 0x0,
    0x0, 0xbf, 0xfc, 0x0, 0x0, 0xb, 0xff, 0xc0,
    0x0, 0x0, 0xbf, 0xfc, 0x0, 0x0, 0xb, 0xff,
    0xc0, 0x0, 0x0, 0xbf, 0xfc, 0x0, 0x0, 0xb,
    0xff, 0xc0, 0x0, 0x0, 0xbf, 0xfc, 0x0,

    /* U+00ED "í" */
    0x0, 0x0, 0x68, 0x87, 0x20, 0x0, 0x9f, 0xfe,
    0x40, 0x0, 0xaf, 0xfb, 0x10, 0x0, 0xbf, 0xf7,
    0x0, 0x0, 0x0, 0x0, 0x0, 0x0, 0x0, 0x0,
    0x0, 0x0, 0x0, 0xb, 0xff, 0xc0, 0x0, 0x0,
    0xbf, 0xfc, 0x0, 0x0, 0xb, 0xff, 0xc0, 0x0,
    0x0, 0xbf, 0xfc, 0x0, 0x0, 0xb, 0xff, 0xc0,
    0x0, 0x0, 0xbf, 0xfc, 0x0, 0x0, 0xb, 0xff,
    0xc0, 0x0, 0x0, 0xbf, 0xfc, 0x0, 0x0, 0xb,
    0xff, 0xc0, 0x0, 0x0, 0xbf, 0xfc, 0x0, 0x0,
    0xb, 0xff, 0xc0, 0x0, 0x0, 0xbf, 0xfc, 0x0,
    0x0, 0xb, 0xff, 0xc0, 0x0, 0x0, 0xbf, 0xfc,
    0x0, 0x0, 0xb, 0xff, 0xc0, 0x0, 0x0,

    /* U+00EE "î" */
    0x0, 0x5, 0x88, 0x60, 0x0, 0x0, 0x6f, 0xff,
    0xf8, 0x0, 0x4, 0xff, 0xb9, 0xff, 0x60, 0x3f,
    0xfa, 0x0, 0x8f, 0xf4, 0x0, 0x0, 0x0, 0x0,
    0x0, 0x0, 0x0, 0x0, 0x0, 0x0, 0x0, 0xb,
    0xff, 0xc0, 0x0, 0x0, 0xb, 0xff, 0xc0, 0x0,
    0x0, 0xb, 0xff, 0xc0, 0x0, 0x0, 0xb, 0xff,
    0xc0, 0x0, 0x0, 0xb, 0xff, 0xc0, 0x0, 0x0,
    0xb, 0xff, 0xc0, 0x0, 0x0, 0xb, 0xff, 0xc0,
    0x0, 0x0, 0xb, 0xff, 0xc0, 0x0, 0x0, 0xb,
    0xff, 0xc0, 0x0, 0x0, 0xb, 0xff, 0xc0, 0x0,
    0x0, 0xb, 0xff, 0xc0, 0x0, 0x0, 0xb, 0xff,
    0xc0, 0x0, 0x0, 0xb, 0xff, 0xc0, 0x0, 0x0,
    0xb, 0xff, 0xc0, 0x0, 0x0, 0xb, 0xff, 0xc0,
    0x0,

    /* U+00EF "ï" */
    0x3, 0x20, 0x2, 0x40, 0x6f, 0xf4, 0x2f, 0xf8,
    0xaf, 0xf8, 0x6f, 0xfc, 0x3e, 0xd2, 0x1c, 0xf5,
    0x0, 0x0, 0x0, 0x0, 0x0, 0x0, 0x0, 0x0,
    0x0, 0xbf, 0xfc, 0x0, 0x0, 0xbf, 0xfc, 0x0,
    0x0, 0xbf, 0xfc, 0x0, 0x0, 0xbf, 0xfc, 0x0,
    0x0, 0xbf, 0xfc, 0x0, 0x0, 0xbf, 0xfc, 0x0,
    0x0, 0xbf, 0xfc, 0x0, 0x0, 0xbf, 0xfc, 0x0,
    0x0, 0xbf, 0xfc, 0x0, 0x0, 0xbf, 0xfc, 0x0,
    0x0, 0xbf, 0xfc, 0x0, 0x0, 0xbf, 0xfc, 0x0,
    0x0, 0xbf, 0xfc, 0x0, 0x0, 0xbf, 0xfc, 0x0,
    0x0, 0xbf, 0xfc, 0x0,

    /* U+00F0 "ð" */
    0x0, 0x0, 0x0, 0x0, 0x0, 0x0, 0x0, 0x0,
    0x0, 0x0, 0x3d, 0xa2, 0x0, 0x0, 0x2, 0x0,
    0x0, 0x4, 0xff, 0xff, 0x70, 0x5, 0xcf, 0x10,
    0x0, 0x0, 0x2a, 0xff, 0xfc, 0xdf, 0xfc, 0x30,
    0x0, 0x0, 0x0, 0x6f, 0xff, 0xfc, 0x40, 0x0,
    0x0, 0x0, 0x29, 0xff, 0xff, 0xfe, 0x20, 0x0,
    0x0, 0xb, 0xff, 0xf8, 0x2c, 0xff, 0xd0, 0x0,
    0x0, 0xa, 0xe7, 0x0, 0x0, 0xdf, 0xf9, 0x0,
    0x0, 0x1, 0x0, 0x0, 0x0, 0x2f, 0xff, 0x30,
    0x0, 0x0, 0x16, 0x89, 0x73, 0x8, 0xff, 0xa0,
    0x0, 0x8, 0xff, 0xff, 0xff, 0xc4, 0xff, 0xf1,
    0x0, 0xbf, 0xff, 0xff, 0xff, 0xfe, 0xff, 0xf6,
    0x6, 0xff, 0xfd, 0x40, 0x3, 0xbf, 0xff, 0xf9,
    0xc, 0xff, 0xe1, 0x0, 0x0, 0xb, 0xff, 0xfb,
    0xf, 0xff, 0x70, 0x0, 0x0, 0x3, 0xff, 0xfb,
    0x1f, 0xff, 0x50, 0x0, 0x0, 0x1, 0xff, 0xfa,
    0xf, 0xff, 0x70, 0x0, 0x0, 0x2, 0xff, 0xf7,
    0xd, 0xff, 0xd0, 0x0, 0x0, 0x8, 0xff, 0xf2,
    0x7, 0xff, 0xfa, 0x10, 0x0, 0x7f, 0xff, 0xb0,
    0x0, 0xcf, 0xff, 0xfd, 0xcf, 0xff, 0xfe, 0x10,
    0x0, 0x1c, 0xff, 0xff, 0xff, 0xff, 0xc1, 0x0,
    0x0, 0x0, 0x5a, 0xef, 0xfd, 0xa4, 0x0, 0x0,

    /* U+00F1 "ñ" */
    0x0, 0x1, 0xbf, 0xd4, 0x0, 0x2b, 0x70, 0x0,
    0x0, 0xc, 0xff, 0xff, 0x70, 0x9f, 0x80, 0x0,
    0x0, 0x2f, 0xe2, 0x4e, 0xff, 0xff, 0x20, 0x0,
    0x0, 0x5f, 0x90, 0x2, 0xcf, 0xe5, 0x0, 0x0,
    0x0, 0x0, 0x0, 0x0, 0x0, 0x0, 0x0, 0x0,
    0x0, 0x0, 0x0, 0x0, 0x0, 0x0, 0x0, 0x0,
    0xbf, 0xfa, 0x5, 0xbe, 0xff, 0xc8, 0x10, 0x0,
    0xbf, 0xfb, 0xcf, 0xff, 0xff, 0xff, 0xe3, 0x0,
    0xbf, 0xff, 0xff, 0xfe, 0xef, 0xff, 0xfe, 0x10,
    0xbf, 0xff, 0xf8, 0x10, 0x2, 0xcf, 0xff, 0x80,
    0xbf, 0xff, 0x80, 0x0, 0x0, 0xe, 0xff, 0xd0,
    0xbf, 0xff, 0x10, 0x0, 0x0, 0x9, 0xff, 0xf0,
    0xbf, 0xfd, 0x0, 0x0, 0x0, 0x7, 0xff, 0xf0,
    0xbf, 0xfc, 0x0, 0x0, 0x0, 0x7, 0xff, 0xf0,
    0xbf, 0xfc, 0x0, 0x0, 0x0, 0x7, 0xff, 0xf0,
    0xbf, 0xfc, 0x0, 0x0, 0x0, 0x7, 0xff, 0xf0,
    0xbf, 0xfc, 0x0, 0x0, 0x0, 0x7, 0xff, 0xf0,
    0xbf, 0xfc, 0x0, 0x0, 0x0, 0x7, 0xff, 0xf0,
    0xbf, 0xfc, 0x0, 0x0, 0x0, 0x7, 0xff, 0xf0,
    0xbf, 0xfc, 0x0, 0x0, 0x0, 0x7, 0xff, 0xf0,
    0xbf, 0xfc, 0x0, 0x0, 0x0, 0x7, 0xff, 0xf0,

    /* U+00F2 "ò" */
    0x0, 0x2d, 0xff, 0xe2, 0x0, 0x0, 0x0, 0x0,
    0x0, 0x0, 0xaf, 0xfd, 0x10, 0x0, 0x0, 0x0,
    0x0, 0x0, 0x8, 0xff, 0xd1, 0x0, 0x0, 0x0,
    0x0, 0x0, 0x0, 0x5f, 0xfc, 0x10, 0x0, 0x0,
    0x0, 0x0, 0x0, 0x0, 0x0, 0x0, 0x0, 0x0,
    0x0, 0x0, 0x0, 0x0, 0x0, 0x0, 0x0, 0x0,
    0x0, 0x0, 0x4a, 0xdf, 0xfe, 0xa5, 0x0, 0x0,
    0x0, 0x1c, 0xff, 0xff, 0xff, 0xff, 0xd2, 0x0,
    0x2, 0xef, 0xff, 0xff, 0xff, 0xff, 0xff, 0x20,
    0xc, 0xff, 0xfa, 0x30, 0x2, 0xaf, 0xff, 0xd0,
    0x5f, 0xff, 0x90, 0x0, 0x0, 0x8, 0xff, 0xf6,
    0xbf, 0xff, 0x0, 0x0, 0x0, 0x0, 0xef, 0xfc,
    0xef, 0xfb, 0x0, 0x0, 0x0, 0x0, 0x9f, 0xff,
    0xef, 0xf9, 0x0, 0x0, 0x0, 0x0, 0x8f, 0xff,
    0xdf, 0xfb, 0x0, 0x0, 0x0, 0x0, 0xaf, 0xfe,
    0xaf, 0xff, 0x0, 0x0, 0x0, 0x0, 0xef, 0xfb,
    0x5f, 0xff, 0x90, 0x0, 0x0, 0x8, 0xff, 0xf6,
    0xc, 0xff, 0xfb, 0x30, 0x3, 0xaf, 0xff, 0xd0,
    0x2, 0xef, 0xff, 0xff, 0xff, 0xff, 0xfe, 0x20,
    0x0, 0x1c, 0xff, 0xff, 0xff, 0xff, 0xc2, 0x0,
    0x0, 0x0, 0x4a, 0xdf, 0xfe, 0xa5, 0x0, 0x0,

    /* U+00F3 "ó" */
    0x0, 0x0, 0x0, 0x0, 0x2e, 0xff, 0xc1, 0x0,
    0x0, 0x0, 0x0, 0x1, 0xef, 0xfa, 0x0, 0x0,
    0x0, 0x0, 0x0, 0x1d, 0xff, 0x70, 0x0, 0x0,
    0x0, 0x0, 0x1, 0xdf, 0xf5, 0x0, 0x0, 0x0,
    0x0, 0x0, 0x0, 0x0, 0x0, 0x0, 0x0, 0x0,
    0x0, 0x0, 0x0, 0x0, 0x0, 0x0, 0x0, 0x0,
    0x0, 0x0, 0x4a, 0xdf, 0xfe, 0xa5, 0x0, 0x0,
    0x0, 0x1c, 0xff, 0xff, 0xff, 0xff, 0xd2, 0x0,
    0x2, 0xef, 0xff, 0xff, 0xff, 0xff, 0xff, 0x20,
    0xc, 0xff, 0xfa, 0x30, 0x2, 0xaf, 0xff, 0xd0,
    0x5f, 0xff, 0x90, 0x0, 0x0, 0x8, 0xff, 0xf6,
    0xbf, 0xff, 0x0, 0x0, 0x0, 0x0, 0xef, 0xfc,
    0xef, 0xfb, 0x0, 0x0, 0x0, 0x0, 0x9f, 0xff,
    0xef, 0xf9, 0x0, 0x0, 0x0, 0x0, 0x8f, 0xff,
    0xdf, 0xfb, 0x0, 0x0, 0x0, 0x0, 0xaf, 0xfe,
    0xaf, 0xff, 0x0, 0x0, 0x0, 0x0, 0xef, 0xfb,
    0x5f, 0xff, 0x90, 0x0, 0x0, 0x8, 0xff, 0xf6,
    0xc, 0xff, 0xfb, 0x30, 0x3, 0xaf, 0xff, 0xd0,
    0x2, 0xef, 0xff, 0xff, 0xff, 0xff, 0xfe, 0x20,
    0x0, 0x1c, 0xff, 0xff, 0xff, 0xff, 0xc2, 0x0,
    0x0, 0x0, 0x4a, 0xdf, 0xfe, 0xa5, 0x0, 0x0,

    /* U+00F4 "ô" */
    0x0, 0x0, 0x2, 0xef, 0xfe, 0x20, 0x0, 0x0,
    0x0, 0x0, 0x2e, 0xff, 0xff, 0xe1, 0x0, 0x0,
    0x0, 0x1, 0xdf, 0xf7, 0x7f, 0xfd, 0x10, 0x0,
    0x0, 0x1d, 0xfe, 0x40, 0x4, 0xef, 0xd1, 0x0,
    0x0, 0x0, 0x0, 0x0, 0x0, 0x0, 0x0, 0x0,
    0x0, 0x0, 0x0, 0x0, 0x0, 0x0, 0x0, 0x0,
    0x0, 0x0, 0x4a, 0xdf, 0xfe, 0xa5, 0x0, 0x0,
    0x0, 0x1c, 0xff, 0xff, 0xff, 0xff, 0xd2, 0x0,
    0x2, 0xef, 0xff, 0xff, 0xff, 0xff, 0xff, 0x20,
    0xc, 0xff, 0xfa, 0x30, 0x2, 0xaf, 0xff, 0xd0,
    0x5f, 0xff, 0x90, 0x0, 0x0, 0x8, 0xff, 0xf6,
    0xbf, 0xff, 0x0, 0x0, 0x0, 0x0, 0xef, 0xfc,
    0xef, 0xfb, 0x0, 0x0, 0x0, 0x0, 0x9f, 0xff,
    0xef, 0xf9, 0x0, 0x0, 0x0, 0x0, 0x8f, 0xff,
    0xdf, 0xfb, 0x0, 0x0, 0x0, 0x0, 0xaf, 0xfe,
    0xaf, 0xff, 0x0, 0x0, 0x0, 0x0, 0xef, 0xfb,
    0x5f, 0xff, 0x90, 0x0, 0x0, 0x8, 0xff, 0xf6,
    0xc, 0xff, 0xfb, 0x30, 0x3, 0xaf, 0xff, 0xd0,
    0x2, 0xef, 0xff, 0xff, 0xff, 0xff, 0xfe, 0x20,
    0x0, 0x1c, 0xff, 0xff, 0xff, 0xff, 0xc2, 0x0,
    0x0, 0x0, 0x4a, 0xdf, 0xfe, 0xa5, 0x0, 0x0,

    /* U+00F5 "õ" */
    0x0, 0x0, 0x9f, 0xe8, 0x0, 0xa, 0xb0, 0x0,
    0x0, 0x7, 0xff, 0xff, 0xc2, 0x5f, 0xd0, 0x0,
    0x0, 0xd, 0xf6, 0x2c, 0xff, 0xff, 0x70, 0x0,
    0x0, 0xf, 0xe0, 0x0, 0x8f, 0xf9, 0x0, 0x0,
    0x0, 0x0, 0x0, 0x0, 0x0, 0x0, 0x0, 0x0,
    0x0, 0x0, 0x0, 0x0, 0x0, 0x0, 0x0, 0x0,
    0x0, 0x0, 0x4a, 0xdf, 0xfe, 0xa5, 0x0, 0x0,
    0x0, 0x1c, 0xff, 0xff, 0xff, 0xff, 0xd2, 0x0,
    0x2, 0xef, 0xff, 0xff, 0xff, 0xff, 0xff, 0x20,
    0xc, 0xff, 0xfa, 0x30, 0x2, 0xaf, 0xff, 0xd0,
    0x5f, 0xff, 0x90, 0x0, 0x0, 0x8, 0xff, 0xf6,
    0xbf, 0xff, 0x0, 0x0, 0x0, 0x0, 0xef, 0xfc,
    0xef, 0xfb, 0x0, 0x0, 0x0, 0x0, 0x9f, 0xff,
    0xef, 0xf9, 0x0, 0x0, 0x0, 0x0, 0x8f, 0xff,
    0xdf, 0xfb, 0x0, 0x0, 0x0, 0x0, 0xaf, 0xfe,
    0xaf, 0xff, 0x0, 0x0, 0x0, 0x0, 0xef, 0xfb,
    0x5f, 0xff, 0x90, 0x0, 0x0, 0x8, 0xff, 0xf6,
    0xc, 0xff, 0xfb, 0x30, 0x3, 0xaf, 0xff, 0xd0,
    0x2, 0xef, 0xff, 0xff, 0xff, 0xff, 0xfe, 0x20,
    0x0, 0x1c, 0xff, 0xff, 0xff, 0xff, 0xc2, 0x0,
    0x0, 0x0, 0x4a, 0xdf, 0xfe, 0xa5, 0x0, 0x0,

    /* U+00F6 "ö" */
    0x0, 0x1, 0xcf, 0x60, 0x7, 0xfc, 0x10, 0x0,
    0x0, 0x5, 0xff, 0xe0, 0xe, 0xff, 0x50, 0x0,
    0x0, 0x3, 0xff, 0xb0, 0xb, 0xff, 0x20, 0x0,
    0x0, 0x0, 0x25, 0x0, 0x0, 0x52, 0x0, 0x0,
    0x0, 0x0, 0x0, 0x0, 0x0, 0x0, 0x0, 0x0,
    0x0, 0x0, 0x0, 0x0, 0x0, 0x0, 0x0, 0x0,
    0x0, 0x0, 0x4a, 0xdf, 0xfe, 0xa5, 0x0, 0x0,
    0x0, 0x1c, 0xff, 0xff, 0xff, 0xff, 0xd2, 0x0,
    0x2, 0xef, 0xff, 0xff, 0xff, 0xff, 0xff, 0x20,
    0xc, 0xff, 0xfa, 0x30, 0x2, 0xaf, 0xff, 0xd0,
    0x5f, 0xff, 0x90, 0x0, 0x0, 0x8, 0xff, 0xf6,
    0xbf, 0xff, 0x0, 0x0, 0x0, 0x0, 0xef, 0xfc,
    0xef, 0xfb, 0x0, 0x0, 0x0, 0x0, 0x9f, 0xff,
    0xef, 0xf9, 0x0, 0x0, 0x0, 0x0, 0x8f, 0xff,
    0xdf, 0xfb, 0x0, 0x0, 0x0, 0x0, 0xaf, 0xfe,
    0xaf, 0xff, 0x0, 0x0, 0x0, 0x0, 0xef, 0xfb,
    0x5f, 0xff, 0x90, 0x0, 0x0, 0x8, 0xff, 0xf6,
    0xc, 0xff, 0xfb, 0x30, 0x3, 0xaf, 0xff, 0xd0,
    0x2, 0xef, 0xff, 0xff, 0xff, 0xff, 0xfe, 0x20,
    0x0, 0x1c, 0xff, 0xff, 0xff, 0xff, 0xc2, 0x0,
    0x0, 0x0, 0x4a, 0xdf, 0xfe, 0xa5, 0x0, 0x0,

    /* U+00F8 "ø" */
    0x0, 0x0, 0x0, 0x0, 0x0, 0x4, 0x86, 0x0,
    0x0, 0x0, 0x0, 0x0, 0x0, 0xe, 0xf5, 0x0,
    0x0, 0x0, 0x4a, 0xdf, 0xfe, 0xcf, 0xd0, 0x0,
    0x0, 0x1c, 0xff, 0xff, 0xff, 0xff, 0xd2, 0x0,
    0x2, 0xef, 0xff, 0xff, 0xff, 0xff, 0xff, 0x20,
    0xc, 0xff, 0xfa, 0x30, 0x1f, 0xff, 0xff, 0xd0,
    0x5f, 0xff, 0x90, 0x0, 0x8f, 0xb8, 0xff, 0xf6,
    0xbf, 0xff, 0x0, 0x1, 0xff, 0x30, 0xef, 0xfc,
    0xef, 0xfb, 0x0, 0x9, 0xfa, 0x0, 0x9f, 0xff,
    0xef, 0xf9, 0x0, 0x2f, 0xf2, 0x0, 0x8f, 0xff,
    0xdf, 0xfb, 0x0, 0xaf, 0x90, 0x0, 0xaf, 0xfe,
    0xaf, 0xff, 0x3, 0xff, 0x10, 0x0, 0xef, 0xfb,
    0x5f, 0xff, 0x9b, 0xf8, 0x0, 0x8, 0xff, 0xf6,
    0xc, 0xff, 0xff, 0xf1, 0x3, 0xaf, 0xff, 0xd0,
    0x2, 0xef, 0xff, 0xff, 0xff, 0xff, 0xfe, 0x20,
    0x0, 0x1c, 0xff, 0xff, 0xff, 0xff, 0xc2, 0x0,
    0x0, 0xd, 0xfc, 0xdf, 0xfe, 0xa5, 0x0, 0x0,
    0x0, 0x6f, 0xd0, 0x0, 0x0, 0x0, 0x0, 0x0,
    0x0, 0xef, 0x50, 0x0, 0x0, 0x0, 0x0, 0x0,

    /* U+00F9 "ù" */
    0x0, 0x7f, 0xff, 0x80, 0x0, 0x0, 0x0, 0x0,
    0x0, 0x4f, 0xff, 0x70, 0x0, 0x0, 0x0, 0x0,
    0x0, 0x2d, 0xff, 0x60, 0x0, 0x0, 0x0, 0x0,
    0x0, 0x1b, 0xff, 0x50, 0x0, 0x0, 0x0, 0x0,
    0x0, 0x0, 0x0, 0x0, 0x0, 0x0, 0x0, 0x0,
    0x0, 0x0, 0x0, 0x0, 0x0, 0xdf, 0xfb, 0x0,
    0x0, 0x0, 0xb, 0xff, 0xcd, 0xff, 0xb0, 0x0,
    0x0, 0x0, 0xbf, 0xfc, 0xdf, 0xfb, 0x0, 0x0,
    0x0, 0xb, 0xff, 0xcd, 0xff, 0xb0, 0x0, 0x0,
    0x0, 0xbf, 0xfc, 0xdf, 0xfb, 0x0, 0x0, 0x0,
    0xb, 0xff, 0xcd, 0xff, 0xb0, 0x0, 0x0, 0x0,
    0xbf, 0xfc, 0xdf, 0xfb, 0x0, 0x0, 0x0, 0xb,
    0xff, 0xcd, 0xff, 0xb0, 0x0, 0x0, 0x0, 0xbf,
    0xfc, 0xcf, 0xfb, 0x0, 0x0, 0x0, 0xd, 0xff,
    0xcc, 0xff, 0xd0, 0x0, 0x0, 0x1, 0xff, 0xfc,
    0x9f, 0xff, 0x40, 0x0, 0x0, 0x9f, 0xff, 0xc4,
    0xff, 0xff, 0x61, 0x13, 0xaf, 0xff, 0xfc, 0xc,
    0xff, 0xff, 0xff, 0xff, 0xff, 0xff, 0xc0, 0x1c,
    0xff, 0xff, 0xff, 0xfc, 0xaf, 0xfc, 0x0, 0x6,
    0xbe, 0xfe, 0xb6, 0x9, 0xff, 0xc0,

    /* U+00FA "ú" */
    0x0, 0x0, 0x0, 0x0, 0x9f, 0xff, 0x60, 0x0,
    0x0, 0x0, 0x0, 0x8f, 0xfe, 0x40, 0x0, 0x0,
    0x0, 0x0, 0x7f, 0xfd, 0x20, 0x0, 0x0, 0x0,
    0x0, 0x6f, 0xfb, 0x0, 0x0, 0x0, 0x0, 0x0,
    0x0, 0x0, 0x0, 0x0, 0x0, 0x0, 0x0, 0x0,
    0x0, 0x0, 0x0, 0x0, 0x0, 0xdf, 0xfb, 0x0,
    0x0, 0x0, 0xb, 0xff, 0xcd, 0xff, 0xb0, 0x0,
    0x0, 0x0, 0xbf, 0xfc, 0xdf, 0xfb, 0x0, 0x0,
    0x0, 0xb, 0xff, 0xcd, 0xff, 0xb0, 0x0, 0x0,
    0x0, 0xbf, 0xfc, 0xdf, 0xfb, 0x0, 0x0, 0x0,
    0xb, 0xff, 0xcd, 0xff, 0xb0, 0x0, 0x0, 0x0,
    0xbf, 0xfc, 0xdf, 0xfb, 0x0, 0x0, 0x0, 0xb,
    0xff, 0xcd, 0xff, 0xb0, 0x0, 0x0, 0x0, 0xbf,
    0xfc, 0xcf, 0xfb, 0x0, 0x0, 0x0, 0xd, 0xff,
    0xcc, 0xff, 0xd0, 0x0, 0x0, 0x1, 0xff, 0xfc,
    0x9f, 0xff, 0x40, 0x0, 0x0, 0x9f, 0xff, 0xc4,
    0xff, 0xff, 0x61, 0x13, 0xaf, 0xff, 0xfc, 0xc,
    0xff, 0xff, 0xff, 0xff, 0xff, 0xff, 0xc0, 0x1c,
    0xff, 0xff, 0xff, 0xfc, 0xaf, 0xfc, 0x0, 0x6,
    0xbe, 0xfe, 0xb6, 0x9, 0xff, 0xc0,

    /* U+00FB "û" */
    0x0, 0x0, 0x9, 0xff, 0xf8, 0x0, 0x0, 0x0,
    0x0, 0x8, 0xff, 0xff, 0xf7, 0x0, 0x0, 0x0,
    0x7, 0xff, 0xc4, 0xdf, 0xf6, 0x0, 0x0, 0x6,
    0xff, 0x90, 0x0, 0xaf, 0xf5, 0x0, 0x0, 0x0,
    0x0, 0x0, 0x0, 0x0, 0x0, 0x0, 0x0, 0x0,
    0x0, 0x0, 0x0, 0x0, 0x0, 0xdf, 0xfb, 0x0,
    0x0, 0x0, 0xb, 0xff, 0xcd, 0xff, 0xb0, 0x0,
    0x0, 0x0, 0xbf, 0xfc, 0xdf, 0xfb, 0x0, 0x0,
    0x0, 0xb, 0xff, 0xcd, 0xff, 0xb0, 0x0, 0x0,
    0x0, 0xbf, 0xfc, 0xdf, 0xfb, 0x0, 0x0, 0x0,
    0xb, 0xff, 0xcd, 0xff, 0xb0, 0x0, 0x0, 0x0,
    0xbf, 0xfc, 0xdf, 0xfb, 0x0, 0x0, 0x0, 0xb,
    0xff, 0xcd, 0xff, 0xb0, 0x0, 0x0, 0x0, 0xbf,
    0xfc, 0xcf, 0xfb, 0x0, 0x0, 0x0, 0xd, 0xff,
    0xcc, 0xff, 0xd0, 0x0, 0x0, 0x1, 0xff, 0xfc,
    0x9f, 0xff, 0x40, 0x0, 0x0, 0x9f, 0xff, 0xc4,
    0xff, 0xff, 0x61, 0x13, 0xaf, 0xff, 0xfc, 0xc,
    0xff, 0xff, 0xff, 0xff, 0xff, 0xff, 0xc0, 0x1c,
    0xff, 0xff, 0xff, 0xfc, 0xaf, 0xfc, 0x0, 0x6,
    0xbe, 0xfe, 0xb6, 0x9, 0xff, 0xc0,

    /* U+00FC "ü" */
    0x0, 0x6, 0xfc, 0x10, 0x1d, 0xf5, 0x0, 0x0,
    0x0, 0xef, 0xf6, 0x7, 0xff, 0xd0, 0x0, 0x0,
    0xb, 0xff, 0x30, 0x4f, 0xf9, 0x0, 0x0, 0x0,
    0x5, 0x20, 0x0, 0x34, 0x0, 0x0, 0x0, 0x0,
    0x0, 0x0, 0x0, 0x0, 0x0, 0x0, 0x0, 0x0,
    0x0, 0x0, 0x0, 0x0, 0x0, 0xdf, 0xfb, 0x0,
    0x0, 0x0, 0xb, 0xff, 0xcd, 0xff, 0xb0, 0x0,
    0x0, 0x0, 0xbf, 0xfc, 0xdf, 0xfb, 0x0, 0x0,
    0x0, 0xb, 0xff, 0xcd, 0xff, 0xb0, 0x0, 0x0,
    0x0, 0xbf, 0xfc, 0xdf, 0xfb, 0x0, 0x0, 0x0,
    0xb, 0xff, 0xcd, 0xff, 0xb0, 0x0, 0x0, 0x0,
    0xbf, 0xfc, 0xdf, 0xfb, 0x0, 0x0, 0x0, 0xb,
    0xff, 0xcd, 0xff, 0xb0, 0x0, 0x0, 0x0, 0xbf,
    0xfc, 0xcf, 0xfb, 0x0, 0x0, 0x0, 0xd, 0xff,
    0xcc, 0xff, 0xd0, 0x0, 0x0, 0x1, 0xff, 0xfc,
    0x9f, 0xff, 0x40, 0x0, 0x0, 0x9f, 0xff, 0xc4,
    0xff, 0xff, 0x61, 0x13, 0xaf, 0xff, 0xfc, 0xc,
    0xff, 0xff, 0xff, 0xff, 0xff, 0xff, 0xc0, 0x1c,
    0xff, 0xff, 0xff, 0xfc, 0xaf, 0xfc, 0x0, 0x6,
    0xbe, 0xfe, 0xb6, 0x9, 0xff, 0xc0,

    /* U+00FD "ý" */
    0x0, 0x0, 0x0, 0x0, 0x6, 0xff, 0xf8, 0x0,
    0x0, 0x0, 0x0, 0x0, 0x0, 0x7f, 0xfe, 0x40,
    0x0, 0x0, 0x0, 0x0, 0x0, 0x8, 0xff, 0xb1,
    0x0, 0x0, 0x0, 0x0, 0x0, 0x0, 0x28, 0x85,
    0x0, 0x0, 0x0, 0x0, 0x0, 0x0, 0x0, 0x0,
    0x0, 0x0, 0x0, 0x0, 0x0, 0x0, 0x0, 0x0,
    0x0, 0x0, 0x0, 0x0, 0x0, 0x0, 0xe, 0xff,
    0xb0, 0x0, 0x0, 0x0, 0x4, 0xff, 0xf1, 0x7,
    0xff, 0xf2, 0x0, 0x0, 0x0, 0xb, 0xff, 0xa0,
    0x1, 0xff, 0xf9, 0x0, 0x0, 0x0, 0x2f, 0xff,
    0x20, 0x0, 0x9f, 0xff, 0x10, 0x0, 0x0, 0x9f,
    0xfb, 0x0, 0x0, 0x2f, 0xff, 0x70, 0x0, 0x1,
    0xff, 0xf4, 0x0, 0x0, 0xa, 0xff, 0xe0, 0x0,
    0x7, 0xff, 0xd0, 0x0, 0x0, 0x3, 0xff, 0xf5,
    0x0, 0xe, 0xff, 0x60, 0x0, 0x0, 0x0, 0xcf,
    0xfc, 0x0, 0x5f, 0xfe, 0x0, 0x0, 0x0, 0x0,
    0x5f, 0xff, 0x30, 0xdf, 0xf8, 0x0, 0x0, 0x0,
    0x0, 0xd, 0xff, 0xa4, 0xff, 0xf1, 0x0, 0x0,
    0x0, 0x0, 0x7, 0xff, 0xfc, 0xff, 0x90, 0x0,
    0x0, 0x0, 0x0, 0x0, 0xff, 0xff, 0xff, 0x20,
    0x0, 0x0, 0x0, 0x0, 0x0, 0x8f, 0xff, 0xfb,
    0x0, 0x0, 0x0, 0x0, 0x0, 0x0, 0x1f, 0xff,
    0xf4, 0x0, 0x0, 0x0, 0x0, 0x0, 0x0, 0xc,
    0xff, 0xd0, 0x0, 0x0, 0x0, 0x0, 0x0, 0x0,
    0x1f, 0xff, 0x60, 0x0, 0x0, 0x0, 0x4, 0x70,
    0x1, 0xcf, 0xfe, 0x0, 0x0, 0x0, 0x0, 0xd,
    0xff, 0xef, 0xff, 0xf5, 0x0, 0x0, 0x0, 0x0,
    0x4f, 0xff, 0xff, 0xff, 0x80, 0x0, 0x0, 0x0,
    0x0, 0x4, 0xae, 0xfe, 0xb4, 0x0, 0x0, 0x0,
    0x0, 0x0,

    /* U+00FE "þ" */
    0xbf, 0xfc, 0x0, 0x0, 0x0, 0x0, 0x0, 0x0,
    0xb, 0xff, 0xc0, 0x0, 0x0, 0x0, 0x0, 0x0,
    0x0, 0xbf, 0xfc, 0x0, 0x0, 0x0, 0x0, 0x0,
    0x0, 0xb, 0xff, 0xc0, 0x0, 0x0, 0x0, 0x0,
    0x0, 0x0, 0xbf, 0xfc, 0x0, 0x0, 0x0, 0x0,
    0x0, 0x0, 0xb, 0xff, 0xc0, 0x0, 0x0, 0x0,
    0x0, 0x0, 0x0, 0xbf, 0xfc, 0x5, 0xbe, 0xff,
    0xc7, 0x10, 0x0, 0xb, 0xff, 0xdb, 0xff, 0xff,
    0xff, 0xff, 0x50, 0x0, 0xbf, 0xff, 0xff, 0xff,
    0xff, 0xff, 0xff, 0x60, 0xb, 0xff, 0xff, 0xc4,
    0x0, 0x28, 0xff, 0xff, 0x20, 0xbf, 0xff, 0xb0,
    0x0, 0x0, 0x6, 0xff, 0xfa, 0xb, 0xff, 0xf2,
    0x0, 0x0, 0x0, 0xc, 0xff, 0xe0, 0xbf, 0xfd,
    0x0, 0x0, 0x0, 0x0, 0x7f, 0xff, 0x1b, 0xff,
    0xc0, 0x0, 0x0, 0x0, 0x6, 0xff, 0xf2, 0xbf,
    0xfd, 0x0, 0x0, 0x0, 0x0, 0x7f, 0xff, 0x1b,
    0xff, 0xf2, 0x0, 0x0, 0x0, 0xc, 0xff, 0xe0,
    0xbf, 0xff, 0xb0, 0x0, 0x0, 0x6, 0xff, 0xf9,
    0xb, 0xff, 0xff, 0xc4, 0x0, 0x29, 0xff, 0xff,
    0x20, 0xbf, 0xff, 0xff, 0xff, 0xff, 0xff, 0xff,
    0x60, 0xb, 0xff, 0xda, 0xff, 0xff, 0xff, 0xff,
    0x60, 0x0, 0xbf, 0xfc, 0x4, 0xae, 0xff, 0xc8,
    0x10, 0x0, 0xb, 0xff, 0xc0, 0x0, 0x0, 0x0,
    0x0, 0x0, 0x0, 0xbf, 0xfc, 0x0, 0x0, 0x0,
    0x0, 0x0, 0x0, 0xb, 0xff, 0xc0, 0x0, 0x0,
    0x0, 0x0, 0x0, 0x0, 0xbf, 0xfc, 0x0, 0x0,
    0x0, 0x0, 0x0, 0x0, 0xb, 0xff, 0xc0, 0x0,
    0x0, 0x0, 0x0, 0x0, 0x0,

    /* U+00FF "ÿ" */
    0x0, 0x0, 0x3e, 0xe3, 0x0, 0xaf, 0x90, 0x0,
    0x0, 0x0, 0x0, 0xaf, 0xfa, 0x3, 0xff, 0xf1,
    0x0, 0x0, 0x0, 0x0, 0x7f, 0xf7, 0x1, 0xef,
    0xd0, 0x0, 0x0, 0x0, 0x0, 0x4, 0x40, 0x0,
    0x15, 0x10, 0x0, 0x0, 0x0, 0x0, 0x0, 0x0,
    0x0, 0x0, 0x0, 0x0, 0x0, 0x0, 0x0, 0x0,
    0x0, 0x0, 0x0, 0x0, 0x0, 0x0, 0xe, 0xff,
    0xb0, 0x0, 0x0, 0x0, 0x4, 0xff, 0xf1, 0x7,
    0xff, 0xf2, 0x0, 0x0, 0x0, 0xb, 0xff, 0xa0,
    0x1, 0xff, 0xf9, 0x0, 0x0, 0x0, 0x2f, 0xff,
    0x20, 0x0, 0x9f, 0xff, 0x10, 0x0, 0x0, 0x9f,
    0xfb, 0x0, 0x0, 0x2f, 0xff, 0x70, 0x0, 0x1,
    0xff, 0xf4, 0x0, 0x0, 0xa, 0xff, 0xe0, 0x0,
    0x7, 0xff, 0xd0, 0x0, 0x0, 0x3, 0xff, 0xf5,
    0x0, 0xe, 0xff, 0x60, 0x0, 0x0, 0x0, 0xcf,
    0xfc, 0x0, 0x5f, 0xfe, 0x0, 0x0, 0x0, 0x0,
    0x5f, 0xff, 0x30, 0xdf, 0xf8, 0x0, 0x0, 0x0,
    0x0, 0xd, 0xff, 0xa4, 0xff, 0xf1, 0x0, 0x0,
    0x0, 0x0, 0x7, 0xff, 0xfc, 0xff, 0x90, 0x0,
    0x0, 0x0, 0x0, 0x0, 0xff, 0xff, 0xff, 0x20,
    0x0, 0x0, 0x0, 0x0, 0x0, 0x8f, 0xff, 0xfb,
    0x0, 0x0, 0x0, 0x0, 0x0, 0x0, 0x1f, 0xff,
    0xf4, 0x0, 0x0, 0x0, 0x0, 0x0, 0x0, 0xc,
    0xff, 0xd0, 0x0, 0x0, 0x0, 0x0, 0x0, 0x0,
    0x1f, 0xff, 0x60, 0x0, 0x0, 0x0, 0x4, 0x70,
    0x1, 0xcf, 0xfe, 0x0, 0x0, 0x0, 0x0, 0xd,
    0xff, 0xef, 0xff, 0xf5, 0x0, 0x0, 0x0, 0x0,
    0x4f, 0xff, 0xff, 0xff, 0x80, 0x0, 0x0, 0x0,
    0x0, 0x4, 0xae, 0xfe, 0xb4, 0x0, 0x0, 0x0,
    0x0, 0x0
};


/*---------------------
 *  GLYPH DESCRIPTION
 *--------------------*/

static const lv_font_fmt_txt_glyph_dsc_t glyph_dsc[] = {
    {.bitmap_index = 0, .adv_w = 0, .box_w = 0, .box_h = 0, .ofs_x = 0, .ofs_y = 0} /* id = 0 reserved */,
    {.bitmap_index = 0, .adv_w = 124, .box_w = 0, .box_h = 0, .ofs_x = 0, .ofs_y = 0},
    {.bitmap_index = 0, .adv_w = 99, .box_w = 4, .box_h = 8, .ofs_x = 1, .ofs_y = 11},
    {.bitmap_index = 16, .adv_w = 264, .box_w = 14, .box_h = 13, .ofs_x = 1, .ofs_y = 3},
    {.bitmap_index = 107, .adv_w = 172, .box_w = 9, .box_h = 3, .ofs_x = 1, .ofs_y = 6},
    {.bitmap_index = 121, .adv_w = 302, .box_w = 17, .box_h = 19, .ofs_x = 1, .ofs_y = 0},
    {.bitmap_index = 283, .adv_w = 171, .box_w = 9, .box_h = 19, .ofs_x = 0, .ofs_y = 0},
    {.bitmap_index = 369, .adv_w = 261, .box_w = 16, .box_h = 19, .ofs_x = 0, .ofs_y = 0},
    {.bitmap_index = 521, .adv_w = 261, .box_w = 16, .box_h = 19, .ofs_x = 0, .ofs_y = 0},
    {.bitmap_index = 673, .adv_w = 304, .box_w = 19, .box_h = 19, .ofs_x = 0, .ofs_y = 0},
    {.bitmap_index = 854, .adv_w = 262, .box_w = 16, .box_h = 19, .ofs_x = 0, .ofs_y = 0},
    {.bitmap_index = 1006, .adv_w = 281, .box_w = 16, .box_h = 19, .ofs_x = 1, .ofs_y = 0},
    {.bitmap_index = 1158, .adv_w = 272, .box_w = 17, .box_h = 19, .ofs_x = 0, .ofs_y = 0},
    {.bitmap_index = 1320, .adv_w = 292, .box_w = 17, .box_h = 19, .ofs_x = 1, .ofs_y = 0},
    {.bitmap_index = 1482, .adv_w = 281, .box_w = 17, .box_h = 19, .ofs_x = 0, .ofs_y = 0},
    {.bitmap_index = 1644, .adv_w = 336, .box_w = 23, .box_h = 19, .ofs_x = -1, .ofs_y = 0},
    {.bitmap_index = 1863, .adv_w = 341, .box_w = 19, .box_h = 19, .ofs_x = 2, .ofs_y = 0},
    {.bitmap_index = 2044, .adv_w = 322, .box_w = 19, .box_h = 19, .ofs_x = 1, .ofs_y = 0},
    {.bitmap_index = 2225, .adv_w = 370, .box_w = 20, .box_h = 19, .ofs_x = 2, .ofs_y = 0},
    {.bitmap_index = 2415, .adv_w = 300, .box_w = 16, .box_h = 19, .ofs_x = 2, .ofs_y = 0},
    {.bitmap_index = 2567, .adv_w = 285, .box_w = 15, .box_h = 19, .ofs_x = 2, .ofs_y = 0},
    {.bitmap_index = 2710, .adv_w = 346, .box_w = 19, .box_h = 19, .ofs_x = 1, .ofs_y = 0},
    {.bitmap_index = 2891, .adv_w = 363, .box_w = 19, .box_h = 19, .ofs_x = 2, .ofs_y = 0},
    {.bitmap_index = 3072, .adv_w = 143, .box_w = 5, .box_h = 19, .ofs_x = 2, .ofs_y = 0},
    {.bitmap_index = 3120, .adv_w = 236, .box_w = 14, .box_h = 19, .ofs_x = -1, .ofs_y = 0},
    {.bitmap_index = 3253, .adv_w = 327, .box_w = 19, .box_h = 19, .ofs_x = 2, .ofs_y = 0},
    {.bitmap_index = 3434, .adv_w = 268, .box_w = 15, .box_h = 19, .ofs_x = 2, .ofs_y = 0},
    {.bitmap_index = 3577, .adv_w = 428, .box_w = 23, .box_h = 19, .ofs_x = 2, .ofs_y = 0},
    {.bitmap_index = 3796, .adv_w = 363, .box_w = 19, .box_h = 19, .ofs_x = 2, .ofs_y = 0},
    {.bitmap_index = 3977, .adv_w = 377, .box_w = 22, .box_h = 19, .ofs_x = 1, .ofs_y = 0},
    {.bitmap_index = 4186, .adv_w = 325, .box_w = 18, .box_h = 19, .ofs_x = 2, .ofs_y = 0},
    {.bitmap_index = 4357, .adv_w = 377, .box_w = 23, .box_h = 23, .ofs_x = 1, .ofs_y = -4},
    {.bitmap_index = 4622, .adv_w = 327, .box_w = 18, .box_h = 19, .ofs_x = 2, .ofs_y = 0},
    {.bitmap_index = 4793, .adv_w = 282, .box_w = 17, .box_h = 19, .ofs_x = 0, .ofs_y = 0},
    {.bitmap_index = 4955, .adv_w = 270, .box_w = 17, .box_h = 19, .ofs_x = 0, .ofs_y = 0},
    {.bitmap_index = 5117, .adv_w = 353, .box_w = 18, .box_h = 19, .ofs_x = 2, .ofs_y = 0},
    {.bitmap_index = 5288, .adv_w = 327, .box_w = 22, .box_h = 19, .ofs_x = -1, .ofs_y = 0},
    {.bitmap_index = 5497, .adv_w = 513, .box_w = 32, .box_h = 19, .ofs_x = 0, .ofs_y = 0},
    {.bitmap_index = 5801, .adv_w = 310, .box_w = 20, .box_h = 19, .ofs_x = 0, .ofs_y = 0},
    {.bitmap_index = 5991, .adv_w = 296, .box_w = 20, .box_h = 19, .ofs_x = -1, .ofs_y = 0},
    {.bitmap_index = 6181, .adv_w = 297, .box_w = 17, .box_h = 19, .ofs_x = 1, .ofs_y = 0},
    {.bitmap_index = 6343, .adv_w = 272, .box_w = 14, .box_h = 15, .ofs_x = 1, .ofs_y = 0},
    {.bitmap_index = 6448, .adv_w = 307, .box_w = 17, .box_h = 21, .ofs_x = 2, .ofs_y = 0},
    {.bitmap_index = 6627, .adv_w = 260, .box_w = 15, .box_h = 15, .ofs_x = 1, .ofs_y = 0},
    {.bitmap_index = 6740, .adv_w = 308, .box_w = 16, .box_h = 21, .ofs_x = 1, .ofs_y = 0},
    {.bitmap_index = 6908, .adv_w = 279, .box_w = 16, .box_h = 15, .ofs_x = 1, .ofs_y = 0},
    {.bitmap_index = 7028, .adv_w = 165, .box_w = 12, .box_h = 21, .ofs_x = 0, .ofs_y = 0},
    {.bitmap_index = 7154, .adv_w = 311, .box_w = 17, .box_h = 20, .ofs_x = 1, .ofs_y = -5},
    {.bitmap_index = 7324, .adv_w = 307, .box_w = 16, .box_h = 21, .ofs_x = 2, .ofs_y = 0},
    {.bitmap_index = 7492, .adv_w = 129, .box_w = 6, .box_h = 22, .ofs_x = 1, .ofs_y = 0},
    {.bitmap_index = 7558, .adv_w = 132, .box_w = 10, .box_h = 27, .ofs_x = -3, .ofs_y = -5},
    {.bitmap_index = 7693, .adv_w = 284, .box_w = 16, .box_h = 21, .ofs_x = 2, .ofs_y = 0},
    {.bitmap_index = 7861, .adv_w = 129, .box_w = 4, .box_h = 21, .ofs_x = 2, .ofs_y = 0},
    {.bitmap_index = 7903, .adv_w = 472, .box_w = 26, .box_h = 15, .ofs_x = 2, .ofs_y = 0},
    {.bitmap_index = 8098, .adv_w = 307, .box_w = 16, .box_h = 15, .ofs_x = 2, .ofs_y = 0},
    {.bitmap_index = 8218, .adv_w = 289, .box_w = 16, .box_h = 15, .ofs_x = 1, .ofs_y = 0},
    {.bitmap_index = 8338, .adv_w = 307, .box_w = 17, .box_h = 20, .ofs_x = 2, .ofs_y = -5},
    {.bitmap_index = 8508, .adv_w = 307, .box_w = 16, .box_h = 20, .ofs_x = 1, .ofs_y = -5},
    {.bitmap_index = 8668, .adv_w = 188, .box_w = 9, .box_h = 15, .ofs_x = 2, .ofs_y = 0},
    {.bitmap_index = 8736, .adv_w = 231, .box_w = 14, .box_h = 15, .ofs_x = 0, .ofs_y = 0},
    {.bitmap_index = 8841, .adv_w = 190, .box_w = 12, .box_h = 19, .ofs_x = 0, .ofs_y = 0},
    {.bitmap_index = 8955, .adv_w = 305, .box_w = 15, .box_h = 15, .ofs_x = 2, .ofs_y = 0},
    {.bitmap_index = 9068, .adv_w = 259, .box_w = 18, .box_h = 15, .ofs_x = -1, .ofs_y = 0},
    {.bitmap_index = 9203, .adv_w = 412, .box_w = 26, .box_h = 15, .ofs_x = 0, .ofs_y = 0},
    {.bitmap_index = 9398, .adv_w = 257, .box_w = 16, .box_h = 15, .ofs_x = 0, .ofs_y = 0},
    {.bitmap_index = 9518, .adv_w = 259, .box_w = 18, .box_h = 20, .ofs_x = -1, .ofs_y = -5},
    {.bitmap_index = 9698, .adv_w = 238, .box_w = 13, .box_h = 15, .ofs_x = 1, .ofs_y = 0},
    {.bitmap_index = 9796, .adv_w = 336, .box_w = 23, .box_h = 25, .ofs_x = -1, .ofs_y = 0},
    {.bitmap_index = 10084, .adv_w = 336, .box_w = 23, .box_h = 25, .ofs_x = -1, .ofs_y = 0},
    {.bitmap_index = 10372, .adv_w = 336, .box_w = 23, .box_h = 25, .ofs_x = -1, .ofs_y = 0},
    {.bitmap_index = 10660, .adv_w = 336, .box_w = 23, .box_h = 25, .ofs_x = -1, .ofs_y = 0},
    {.bitmap_index = 10948, .adv_w = 336, .box_w = 23, .box_h = 25, .ofs_x = -1, .ofs_y = 0},
    {.bitmap_index = 11236, .adv_w = 336, .box_w = 23, .box_h = 28, .ofs_x = -1, .ofs_y = 0},
    {.bitmap_index = 11558, .adv_w = 476, .box_w = 30, .box_h = 19, .ofs_x = -1, .ofs_y = 0},
    {.bitmap_index = 11843, .adv_w = 322, .box_w = 19, .box_h = 25, .ofs_x = 1, .ofs_y = -6},
    {.bitmap_index = 12081, .adv_w = 300, .box_w = 16, .box_h = 25, .ofs_x = 2, .ofs_y = 0},
    {.bitmap_index = 12281, .adv_w = 300, .box_w = 16, .box_h = 25, .ofs_x = 2, .ofs_y = 0},
    {.bitmap_index = 12481, .adv_w = 300, .box_w = 16, .box_h = 25, .ofs_x = 2, .ofs_y = 0},
    {.bitmap_index = 12681, .adv_w = 300, .box_w = 16, .box_h = 25, .ofs_x = 2, .ofs_y = 0},
    {.bitmap_index = 12881, .adv_w = 143, .box_w = 9, .box_h = 25, .ofs_x = -2, .ofs_y = 0},
    {.bitmap_index = 12994, .adv_w = 143, .box_w = 8, .box_h = 25, .ofs_x = 2, .ofs_y = 0},
    {.bitmap_index = 13094, .adv_w = 143, .box_w = 11, .box_h = 25, .ofs_x = -1, .ofs_y = 0},
    {.bitmap_index = 13232, .adv_w = 143, .box_w = 9, .box_h = 25, .ofs_x = 0, .ofs_y = 0},
    {.bitmap_index = 13345, .adv_w = 375, .box_w = 23, .box_h = 19, .ofs_x = 0, .ofs_y = 0},
    {.bitmap_index = 13564, .adv_w = 363, .box_w = 19, .box_h = 25, .ofs_x = 2, .ofs_y = 0},
    {.bitmap_index = 13802, .adv_w = 377, .box_w = 22, .box_h = 25, .ofs_x = 1, .ofs_y = 0},
    {.bitmap_index = 14077, .adv_w = 377, .box_w = 22, .box_h = 25, .ofs_x = 1, .ofs_y = 0},
    {.bitmap_index = 14352, .adv_w = 377, .box_w = 22, .box_h = 25, .ofs_x = 1, .ofs_y = 0},
    {.bitmap_index = 14627, .adv_w = 377, .box_w = 22, .box_h = 26, .ofs_x = 1, .ofs_y = 0},
    {.bitmap_index = 14913, .adv_w = 377, .box_w = 22, .box_h = 25, .ofs_x = 1, .ofs_y = 0},
    {.bitmap_index = 15188, .adv_w = 377, .box_w = 22, .box_h = 24, .ofs_x = 1, .ofs_y = -2},
    {.bitmap_index = 15452, .adv_w = 353, .box_w = 18, .box_h = 25, .ofs_x = 2, .ofs_y = 0},
    {.bitmap_index = 15677, .adv_w = 353, .box_w = 18, .box_h = 25, .ofs_x = 2, .ofs_y = 0},
    {.bitmap_index = 15902, .adv_w = 353, .box_w = 18, .box_h = 25, .ofs_x = 2, .ofs_y = 0},
    {.bitmap_index = 16127, .adv_w = 353, .box_w = 18, .box_h = 25, .ofs_x = 2, .ofs_y = 0},
    {.bitmap_index = 16352, .adv_w = 296, .box_w = 20, .box_h = 25, .ofs_x = -1, .ofs_y = 0},
    {.bitmap_index = 16602, .adv_w = 325, .box_w = 18, .box_h = 19, .ofs_x = 2, .ofs_y = 0},
    {.bitmap_index = 16773, .adv_w = 306, .box_w = 17, .box_h = 21, .ofs_x = 2, .ofs_y = 0},
    {.bitmap_index = 16952, .adv_w = 272, .box_w = 14, .box_h = 21, .ofs_x = 1, .ofs_y = 0},
    {.bitmap_index = 17099, .adv_w = 272, .box_w = 14, .box_h = 21, .ofs_x = 1, .ofs_y = 0},
    {.bitmap_index = 17246, .adv_w = 272, .box_w = 14, .box_h = 21, .ofs_x = 1, .ofs_y = 0},
    {.bitmap_index = 17393, .adv_w = 272, .box_w = 14, .box_h = 21, .ofs_x = 1, .ofs_y = 0},
    {.bitmap_index = 17540, .adv_w = 272, .box_w = 14, .box_h = 21, .ofs_x = 1, .ofs_y = 0},
    {.bitmap_index = 17687, .adv_w = 272, .box_w = 14, .box_h = 24, .ofs_x = 1, .ofs_y = 0},
    {.bitmap_index = 17855, .adv_w = 445, .box_w = 26, .box_h = 15, .ofs_x = 1, .ofs_y = 0},
    {.bitmap_index = 18050, .adv_w = 260, .box_w = 15, .box_h = 21, .ofs_x = 1, .ofs_y = -6},
    {.bitmap_index = 18208, .adv_w = 279, .box_w = 16, .box_h = 21, .ofs_x = 1, .ofs_y = 0},
    {.bitmap_index = 18376, .adv_w = 279, .box_w = 16, .box_h = 21, .ofs_x = 1, .ofs_y = 0},
    {.bitmap_index = 18544, .adv_w = 279, .box_w = 16, .box_h = 21, .ofs_x = 1, .ofs_y = 0},
    {.bitmap_index = 18712, .adv_w = 279, .box_w = 16, .box_h = 21, .ofs_x = 1, .ofs_y = 0},
    {.bitmap_index = 18880, .adv_w = 129, .box_w = 9, .box_h = 21, .ofs_x = -2, .ofs_y = 0},
    {.bitmap_index = 18975, .adv_w = 129, .box_w = 9, .box_h = 21, .ofs_x = 1, .ofs_y = 0},
    {.bitmap_index = 19070, .adv_w = 129, .box_w = 10, .box_h = 21, .ofs_x = -1, .ofs_y = 0},
    {.bitmap_index = 19175, .adv_w = 129, .box_w = 8, .box_h = 21, .ofs_x = 0, .ofs_y = 0},
    {.bitmap_index = 19259, .adv_w = 271, .box_w = 16, .box_h = 22, .ofs_x = 0, .ofs_y = 0},
    {.bitmap_index = 19435, .adv_w = 307, .box_w = 16, .box_h = 21, .ofs_x = 2, .ofs_y = 0},
    {.bitmap_index = 19603, .adv_w = 289, .box_w = 16, .box_h = 21, .ofs_x = 1, .ofs_y = 0},
    {.bitmap_index = 19771, .adv_w = 289, .box_w = 16, .box_h = 21, .ofs_x = 1, .ofs_y = 0},
    {.bitmap_index = 19939, .adv_w = 289, .box_w = 16, .box_h = 21, .ofs_x = 1, .ofs_y = 0},
    {.bitmap_index = 20107, .adv_w = 289, .box_w = 16, .box_h = 21, .ofs_x = 1, .ofs_y = 0},
    {.bitmap_index = 20275, .adv_w = 289, .box_w = 16, .box_h = 21, .ofs_x = 1, .ofs_y = 0},
    {.bitmap_index = 20443, .adv_w = 289, .box_w = 16, .box_h = 19, .ofs_x = 1, .ofs_y = -2},
    {.bitmap_index = 20595, .adv_w = 305, .box_w = 15, .box_h = 21, .ofs_x = 2, .ofs_y = 0},
    {.bitmap_index = 20753, .adv_w = 305, .box_w = 15, .box_h = 21, .ofs_x = 2, .ofs_y = 0},
    {.bitmap_index = 20911, .adv_w = 305, .box_w = 15, .box_h = 21, .ofs_x = 2, .ofs_y = 0},
    {.bitmap_index = 21069, .adv_w = 305, .box_w = 15, .box_h = 21, .ofs_x = 2, .ofs_y = 0},
    {.bitmap_index = 21227, .adv_w = 259, .box_w = 18, .box_h = 26, .ofs_x = -1, .ofs_y = -5},
    {.bitmap_index = 21461, .adv_w = 307, .box_w = 17, .box_h = 26, .ofs_x = 2, .ofs_y = -5},
    {.bitmap_index = 21682, .adv_w = 259, .box_w = 18, .box_h = 26, .ofs_x = -1, .ofs_y = -5}
};

/*---------------------
 *  CHARACTER MAPPING
 *--------------------*/

static const uint16_t unicode_list_0[] = {
    0x0, 0x7, 0xb, 0xd
};

/*Collect the unicode lists and glyph_id offsets*/
static const lv_font_fmt_txt_cmap_t cmaps[] =
{
    {
        .range_start = 32, .range_length = 14, .glyph_id_start = 1,
        .unicode_list = unicode_list_0, .glyph_id_ofs_list = NULL, .list_length = 4, .type = LV_FONT_FMT_TXT_CMAP_SPARSE_TINY
    },
    {
        .range_start = 48, .range_length = 10, .glyph_id_start = 5,
        .unicode_list = NULL, .glyph_id_ofs_list = NULL, .list_length = 0, .type = LV_FONT_FMT_TXT_CMAP_FORMAT0_TINY
    },
    {
        .range_start = 65, .range_length = 26, .glyph_id_start = 15,
        .unicode_list = NULL, .glyph_id_ofs_list = NULL, .list_length = 0, .type = LV_FONT_FMT_TXT_CMAP_FORMAT0_TINY
    },
    {
        .range_start = 97, .range_length = 26, .glyph_id_start = 41,
        .unicode_list = NULL, .glyph_id_ofs_list = NULL, .list_length = 0, .type = LV_FONT_FMT_TXT_CMAP_FORMAT0_TINY
    },
    {
        .range_start = 192, .range_length = 23, .glyph_id_start = 67,
        .unicode_list = NULL, .glyph_id_ofs_list = NULL, .list_length = 0, .type = LV_FONT_FMT_TXT_CMAP_FORMAT0_TINY
    },
    {
        .range_start = 216, .range_length = 31, .glyph_id_start = 90,
        .unicode_list = NULL, .glyph_id_ofs_list = NULL, .list_length = 0, .type = LV_FONT_FMT_TXT_CMAP_FORMAT0_TINY
    },
    {
        .range_start = 248, .range_length = 8, .glyph_id_start = 121,
        .unicode_list = NULL, .glyph_id_ofs_list = NULL, .list_length = 0, .type = LV_FONT_FMT_TXT_CMAP_FORMAT0_TINY
    }
};



/*--------------------
 *  ALL CUSTOM DATA
 *--------------------*/

#if LVGL_VERSION_MAJOR == 8
/*Store all the custom data of the font*/
static  lv_font_fmt_txt_glyph_cache_t cache;
#endif

#if LVGL_VERSION_MAJOR >= 8
static const lv_font_fmt_txt_dsc_t font_dsc = {
#else
static lv_font_fmt_txt_dsc_t font_dsc = {
#endif
    .glyph_bitmap = glyph_bitmap,
    .glyph_dsc = glyph_dsc,
    .cmaps = cmaps,
    .kern_dsc = NULL,
    .kern_scale = 0,
    .cmap_num = 7,
    .bpp = 4,
    .kern_classes = 0,
    .bitmap_format = 0,
#if LVGL_VERSION_MAJOR == 8
    .cache = &cache
#endif
};



/*-----------------
 *  PUBLIC FONT
 *----------------*/

/*Initialize a public general font descriptor*/
#if LVGL_VERSION_MAJOR >= 8
const lv_font_t dog_name_28 = {
#else
lv_font_t dog_name_28 = {
#endif
    .get_glyph_dsc = lv_font_get_glyph_dsc_fmt_txt,    /*Function pointer to get glyph's data*/
    .get_glyph_bitmap = lv_font_get_bitmap_fmt_txt,    /*Function pointer to get glyph's bitmap*/
    .line_height = 34,          /*The maximum line height required by the font*/
    .base_line = 6,             /*Baseline measured from the bottom of the line*/
#if !(LVGL_VERSION_MAJOR == 6 && LVGL_VERSION_MINOR == 0)
    .subpx = LV_FONT_SUBPX_NONE,
#endif
#if LV_VERSION_CHECK(7, 4, 0) || LVGL_VERSION_MAJOR >= 8
    .underline_position = -3,
    .underline_thickness = 1,
#endif
    .dsc = &font_dsc,          /*The custom font data. Will be accessed by `get_glyph_bitmap/dsc` */
#if LV_VERSION_CHECK(8, 2, 0) || LVGL_VERSION_MAJOR >= 9
    .fallback = NULL,
#endif
    .user_data = NULL,
};



#endif /*#if DOG_NAME_28*/

